item,classC,classB
http://www.wikidata.org/entity/Q44,http://www.wikidata.org/entity/Q361957,http://www.wikidata.org/entity/Q526314
http://www.wikidata.org/entity/Q44,http://www.wikidata.org/entity/Q1756073,http://www.wikidata.org/entity/Q526314
http://www.wikidata.org/entity/Q154,http://www.wikidata.org/entity/Q901367,http://www.wikidata.org/entity/Q281
http://www.wikidata.org/entity/Q482,http://www.wikidata.org/entity/Q71842123,http://www.wikidata.org/entity/Q1292502
http://www.wikidata.org/entity/Q349,http://www.wikidata.org/entity/Q1164462,http://www.wikidata.org/entity/Q878123
http://www.wikidata.org/entity/Q728,http://www.wikidata.org/entity/Q1261384,http://www.wikidata.org/entity/Q1366029
http://www.wikidata.org/entity/Q780,http://www.wikidata.org/entity/Q221018,http://www.wikidata.org/entity/Q780
http://www.wikidata.org/entity/Q780,http://www.wikidata.org/entity/Q244016,http://www.wikidata.org/entity/Q780
http://www.wikidata.org/entity/Q780,http://www.wikidata.org/entity/Q244179,http://www.wikidata.org/entity/Q780
http://www.wikidata.org/entity/Q780,http://www.wikidata.org/entity/Q279061,http://www.wikidata.org/entity/Q780
http://www.wikidata.org/entity/Q780,http://www.wikidata.org/entity/Q385059,http://www.wikidata.org/entity/Q780
http://www.wikidata.org/entity/Q780,http://www.wikidata.org/entity/Q430291,http://www.wikidata.org/entity/Q780
http://www.wikidata.org/entity/Q780,http://www.wikidata.org/entity/Q437118,http://www.wikidata.org/entity/Q780
http://www.wikidata.org/entity/Q780,http://www.wikidata.org/entity/Q445706,http://www.wikidata.org/entity/Q780
http://www.wikidata.org/entity/Q780,http://www.wikidata.org/entity/Q489766,http://www.wikidata.org/entity/Q780
http://www.wikidata.org/entity/Q780,http://www.wikidata.org/entity/Q523950,http://www.wikidata.org/entity/Q780
http://www.wikidata.org/entity/Q780,http://www.wikidata.org/entity/Q594676,http://www.wikidata.org/entity/Q780
http://www.wikidata.org/entity/Q780,http://www.wikidata.org/entity/Q637022,http://www.wikidata.org/entity/Q780
http://www.wikidata.org/entity/Q780,http://www.wikidata.org/entity/Q781335,http://www.wikidata.org/entity/Q780
http://www.wikidata.org/entity/Q780,http://www.wikidata.org/entity/Q790706,http://www.wikidata.org/entity/Q780
http://www.wikidata.org/entity/Q780,http://www.wikidata.org/entity/Q840205,http://www.wikidata.org/entity/Q780
http://www.wikidata.org/entity/Q780,http://www.wikidata.org/entity/Q902384,http://www.wikidata.org/entity/Q780
http://www.wikidata.org/entity/Q780,http://www.wikidata.org/entity/Q939795,http://www.wikidata.org/entity/Q780
http://www.wikidata.org/entity/Q780,http://www.wikidata.org/entity/Q996884,http://www.wikidata.org/entity/Q780
http://www.wikidata.org/entity/Q780,http://www.wikidata.org/entity/Q1006819,http://www.wikidata.org/entity/Q780
http://www.wikidata.org/entity/Q780,http://www.wikidata.org/entity/Q1036568,http://www.wikidata.org/entity/Q780
http://www.wikidata.org/entity/Q780,http://www.wikidata.org/entity/Q1049353,http://www.wikidata.org/entity/Q780
http://www.wikidata.org/entity/Q780,http://www.wikidata.org/entity/Q1049383,http://www.wikidata.org/entity/Q780
http://www.wikidata.org/entity/Q780,http://www.wikidata.org/entity/Q1081995,http://www.wikidata.org/entity/Q780
http://www.wikidata.org/entity/Q780,http://www.wikidata.org/entity/Q1085160,http://www.wikidata.org/entity/Q780
http://www.wikidata.org/entity/Q780,http://www.wikidata.org/entity/Q1205336,http://www.wikidata.org/entity/Q780
http://www.wikidata.org/entity/Q780,http://www.wikidata.org/entity/Q1244999,http://www.wikidata.org/entity/Q780
http://www.wikidata.org/entity/Q780,http://www.wikidata.org/entity/Q1520225,http://www.wikidata.org/entity/Q780
http://www.wikidata.org/entity/Q780,http://www.wikidata.org/entity/Q1532304,http://www.wikidata.org/entity/Q780
http://www.wikidata.org/entity/Q780,http://www.wikidata.org/entity/Q1993970,http://www.wikidata.org/entity/Q780
http://www.wikidata.org/entity/Q780,http://www.wikidata.org/entity/Q2201314,http://www.wikidata.org/entity/Q780
http://www.wikidata.org/entity/Q780,http://www.wikidata.org/entity/Q2216236,http://www.wikidata.org/entity/Q780
http://www.wikidata.org/entity/Q780,http://www.wikidata.org/entity/Q2844815,http://www.wikidata.org/entity/Q780
http://www.wikidata.org/entity/Q780,http://www.wikidata.org/entity/Q3480515,http://www.wikidata.org/entity/Q780
http://www.wikidata.org/entity/Q780,http://www.wikidata.org/entity/Q3807357,http://www.wikidata.org/entity/Q780
http://www.wikidata.org/entity/Q780,http://www.wikidata.org/entity/Q4236551,http://www.wikidata.org/entity/Q780
http://www.wikidata.org/entity/Q780,http://www.wikidata.org/entity/Q4470535,http://www.wikidata.org/entity/Q780
http://www.wikidata.org/entity/Q780,http://www.wikidata.org/entity/Q4998480,http://www.wikidata.org/entity/Q780
http://www.wikidata.org/entity/Q780,http://www.wikidata.org/entity/Q5028379,http://www.wikidata.org/entity/Q780
http://www.wikidata.org/entity/Q780,http://www.wikidata.org/entity/Q9264220,http://www.wikidata.org/entity/Q780
http://www.wikidata.org/entity/Q780,http://www.wikidata.org/entity/Q11156455,http://www.wikidata.org/entity/Q780
http://www.wikidata.org/entity/Q780,http://www.wikidata.org/entity/Q11727236,http://www.wikidata.org/entity/Q780
http://www.wikidata.org/entity/Q780,http://www.wikidata.org/entity/Q11923725,http://www.wikidata.org/entity/Q780
http://www.wikidata.org/entity/Q780,http://www.wikidata.org/entity/Q11923729,http://www.wikidata.org/entity/Q780
http://www.wikidata.org/entity/Q780,http://www.wikidata.org/entity/Q13425797,http://www.wikidata.org/entity/Q780
http://www.wikidata.org/entity/Q780,http://www.wikidata.org/entity/Q14513612,http://www.wikidata.org/entity/Q780
http://www.wikidata.org/entity/Q780,http://www.wikidata.org/entity/Q17664519,http://www.wikidata.org/entity/Q780
http://www.wikidata.org/entity/Q780,http://www.wikidata.org/entity/Q17709276,http://www.wikidata.org/entity/Q780
http://www.wikidata.org/entity/Q780,http://www.wikidata.org/entity/Q18957261,http://www.wikidata.org/entity/Q780
http://www.wikidata.org/entity/Q780,http://www.wikidata.org/entity/Q19336111,http://www.wikidata.org/entity/Q780
http://www.wikidata.org/entity/Q780,http://www.wikidata.org/entity/Q21473968,http://www.wikidata.org/entity/Q780
http://www.wikidata.org/entity/Q780,http://www.wikidata.org/entity/Q22338808,http://www.wikidata.org/entity/Q780
http://www.wikidata.org/entity/Q780,http://www.wikidata.org/entity/Q25909452,http://www.wikidata.org/entity/Q780
http://www.wikidata.org/entity/Q780,http://www.wikidata.org/entity/Q53678152,http://www.wikidata.org/entity/Q780
http://www.wikidata.org/entity/Q780,http://www.wikidata.org/entity/Q53678210,http://www.wikidata.org/entity/Q780
http://www.wikidata.org/entity/Q780,http://www.wikidata.org/entity/Q68470718,http://www.wikidata.org/entity/Q780
http://www.wikidata.org/entity/Q780,http://www.wikidata.org/entity/Q100455037,http://www.wikidata.org/entity/Q780
http://www.wikidata.org/entity/Q1075,http://www.wikidata.org/entity/Q2871935,http://www.wikidata.org/entity/Q943
http://www.wikidata.org/entity/Q1075,http://www.wikidata.org/entity/Q194191,http://www.wikidata.org/entity/Q3142
http://www.wikidata.org/entity/Q1075,http://www.wikidata.org/entity/Q418071,http://www.wikidata.org/entity/Q3142
http://www.wikidata.org/entity/Q1075,http://www.wikidata.org/entity/Q513479,http://www.wikidata.org/entity/Q3142
http://www.wikidata.org/entity/Q1075,http://www.wikidata.org/entity/Q1054292,http://www.wikidata.org/entity/Q3142
http://www.wikidata.org/entity/Q1075,http://www.wikidata.org/entity/Q2013559,http://www.wikidata.org/entity/Q3142
http://www.wikidata.org/entity/Q1075,http://www.wikidata.org/entity/Q2303165,http://www.wikidata.org/entity/Q3142
http://www.wikidata.org/entity/Q1075,http://www.wikidata.org/entity/Q2400601,http://www.wikidata.org/entity/Q3142
http://www.wikidata.org/entity/Q1075,http://www.wikidata.org/entity/Q1358981,http://www.wikidata.org/entity/Q23444
http://www.wikidata.org/entity/Q1075,http://www.wikidata.org/entity/Q2832043,http://www.wikidata.org/entity/Q23444
http://www.wikidata.org/entity/Q1075,http://www.wikidata.org/entity/Q2853007,http://www.wikidata.org/entity/Q42519
http://www.wikidata.org/entity/Q1075,http://www.wikidata.org/entity/Q604079,http://www.wikidata.org/entity/Q428124
http://www.wikidata.org/entity/Q1075,http://www.wikidata.org/entity/Q7460342,http://www.wikidata.org/entity/Q1088
http://www.wikidata.org/entity/Q1075,http://www.wikidata.org/entity/Q2937714,http://www.wikidata.org/entity/Q3142
http://www.wikidata.org/entity/Q1075,http://www.wikidata.org/entity/Q2972693,http://www.wikidata.org/entity/Q3142
http://www.wikidata.org/entity/Q1075,http://www.wikidata.org/entity/Q2998793,http://www.wikidata.org/entity/Q3142
http://www.wikidata.org/entity/Q1075,http://www.wikidata.org/entity/Q3070912,http://www.wikidata.org/entity/Q3142
http://www.wikidata.org/entity/Q1075,http://www.wikidata.org/entity/Q3080403,http://www.wikidata.org/entity/Q3142
http://www.wikidata.org/entity/Q1075,http://www.wikidata.org/entity/Q3334729,http://www.wikidata.org/entity/Q3142
http://www.wikidata.org/entity/Q1075,http://www.wikidata.org/entity/Q3443194,http://www.wikidata.org/entity/Q3142
http://www.wikidata.org/entity/Q1075,http://www.wikidata.org/entity/Q3443196,http://www.wikidata.org/entity/Q3142
http://www.wikidata.org/entity/Q1075,http://www.wikidata.org/entity/Q3443231,http://www.wikidata.org/entity/Q3142
http://www.wikidata.org/entity/Q1075,http://www.wikidata.org/entity/Q3443232,http://www.wikidata.org/entity/Q3142
http://www.wikidata.org/entity/Q1075,http://www.wikidata.org/entity/Q3560480,http://www.wikidata.org/entity/Q3142
http://www.wikidata.org/entity/Q1075,http://www.wikidata.org/entity/Q4117665,http://www.wikidata.org/entity/Q3142
http://www.wikidata.org/entity/Q1075,http://www.wikidata.org/entity/Q4918316,http://www.wikidata.org/entity/Q3142
http://www.wikidata.org/entity/Q1075,http://www.wikidata.org/entity/Q5170059,http://www.wikidata.org/entity/Q3142
http://www.wikidata.org/entity/Q1075,http://www.wikidata.org/entity/Q5180360,http://www.wikidata.org/entity/Q3142
http://www.wikidata.org/entity/Q1075,http://www.wikidata.org/entity/Q7899245,http://www.wikidata.org/entity/Q3142
http://www.wikidata.org/entity/Q1075,http://www.wikidata.org/entity/Q16682421,http://www.wikidata.org/entity/Q3142
http://www.wikidata.org/entity/Q1075,http://www.wikidata.org/entity/Q3958716,http://www.wikidata.org/entity/Q42519
http://www.wikidata.org/entity/Q1075,http://www.wikidata.org/entity/Q2972693,http://www.wikidata.org/entity/Q737438
http://www.wikidata.org/entity/Q1075,http://www.wikidata.org/entity/Q15699787,http://www.wikidata.org/entity/Q774061
http://www.wikidata.org/entity/Q2095,http://www.wikidata.org/entity/Q1707616,http://www.wikidata.org/entity/Q52148739
http://www.wikidata.org/entity/Q2095,http://www.wikidata.org/entity/Q16963428,http://www.wikidata.org/entity/Q20645113
http://www.wikidata.org/entity/Q3966,http://www.wikidata.org/entity/Q585585,http://www.wikidata.org/entity/Q1129239
http://www.wikidata.org/entity/Q3966,http://www.wikidata.org/entity/Q1175867,http://www.wikidata.org/entity/Q1129239
http://www.wikidata.org/entity/Q3966,http://www.wikidata.org/entity/Q64819603,http://www.wikidata.org/entity/Q1129239
http://www.wikidata.org/entity/Q7187,http://www.wikidata.org/entity/Q60039439,http://www.wikidata.org/entity/Q30555
http://www.wikidata.org/entity/Q7269,http://www.wikidata.org/entity/Q147982,http://www.wikidata.org/entity/Q15057121
http://www.wikidata.org/entity/Q8054,http://www.wikidata.org/entity/Q14907668,http://www.wikidata.org/entity/Q415443
http://www.wikidata.org/entity/Q8242,http://www.wikidata.org/entity/Q64841979,http://www.wikidata.org/entity/Q7539371
http://www.wikidata.org/entity/Q8148,http://www.wikidata.org/entity/Q47844,http://www.wikidata.org/entity/Q12271
http://www.wikidata.org/entity/Q8148,http://www.wikidata.org/entity/Q490060,http://www.wikidata.org/entity/Q187939
http://www.wikidata.org/entity/Q8148,http://www.wikidata.org/entity/Q335415,http://www.wikidata.org/entity/Q2283886
http://www.wikidata.org/entity/Q8148,http://www.wikidata.org/entity/Q14859880,http://www.wikidata.org/entity/Q11650
http://www.wikidata.org/entity/Q8242,http://www.wikidata.org/entity/Q303779,http://www.wikidata.org/entity/Q181287
http://www.wikidata.org/entity/Q8242,http://www.wikidata.org/entity/Q1276062,http://www.wikidata.org/entity/Q7539371
http://www.wikidata.org/entity/Q9134,http://www.wikidata.org/entity/Q5166964,http://www.wikidata.org/entity/Q546879
http://www.wikidata.org/entity/Q9134,http://www.wikidata.org/entity/Q5166964,http://www.wikidata.org/entity/Q2306159
http://www.wikidata.org/entity/Q11004,http://www.wikidata.org/entity/Q2048275,http://www.wikidata.org/entity/Q45989
http://www.wikidata.org/entity/Q11019,http://www.wikidata.org/entity/Q1450186,http://www.wikidata.org/entity/Q6498398
http://www.wikidata.org/entity/Q11173,http://www.wikidata.org/entity/Q283033,http://www.wikidata.org/entity/Q199678
http://www.wikidata.org/entity/Q11173,http://www.wikidata.org/entity/Q327506,http://www.wikidata.org/entity/Q32907954
http://www.wikidata.org/entity/Q11173,http://www.wikidata.org/entity/Q27102175,http://www.wikidata.org/entity/Q6823656
http://www.wikidata.org/entity/Q11173,http://www.wikidata.org/entity/Q27102347,http://www.wikidata.org/entity/Q32907316
http://www.wikidata.org/entity/Q11348,http://www.wikidata.org/entity/Q386228,http://www.wikidata.org/entity/Q81570391
http://www.wikidata.org/entity/Q11348,http://www.wikidata.org/entity/Q900194,http://www.wikidata.org/entity/Q81570391
http://www.wikidata.org/entity/Q11422,http://www.wikidata.org/entity/Q63254707,http://www.wikidata.org/entity/Q15155966
http://www.wikidata.org/entity/Q11435,http://www.wikidata.org/entity/Q1425059,http://www.wikidata.org/entity/Q217236
http://www.wikidata.org/entity/Q12136,http://www.wikidata.org/entity/Q189561,http://www.wikidata.org/entity/Q177190
http://www.wikidata.org/entity/Q12136,http://www.wikidata.org/entity/Q185986,http://www.wikidata.org/entity/Q296104
http://www.wikidata.org/entity/Q12136,http://www.wikidata.org/entity/Q167844,http://www.wikidata.org/entity/Q3041498
http://www.wikidata.org/entity/Q12136,http://www.wikidata.org/entity/Q1339243,http://www.wikidata.org/entity/Q3392853
http://www.wikidata.org/entity/Q12136,http://www.wikidata.org/entity/Q213098,http://www.wikidata.org/entity/Q6139748
http://www.wikidata.org/entity/Q12136,http://www.wikidata.org/entity/Q147362,http://www.wikidata.org/entity/Q7113244
http://www.wikidata.org/entity/Q12136,http://www.wikidata.org/entity/Q147362,http://www.wikidata.org/entity/Q11793790
http://www.wikidata.org/entity/Q12136,http://www.wikidata.org/entity/Q213098,http://www.wikidata.org/entity/Q18553439
http://www.wikidata.org/entity/Q12136,http://www.wikidata.org/entity/Q185986,http://www.wikidata.org/entity/Q18555031
http://www.wikidata.org/entity/Q12136,http://www.wikidata.org/entity/Q167844,http://www.wikidata.org/entity/Q18556249
http://www.wikidata.org/entity/Q12136,http://www.wikidata.org/entity/Q181032,http://www.wikidata.org/entity/Q19000444
http://www.wikidata.org/entity/Q12136,http://www.wikidata.org/entity/Q1129947,http://www.wikidata.org/entity/Q55999592
http://www.wikidata.org/entity/Q12277,http://www.wikidata.org/entity/Q2102013,http://www.wikidata.org/entity/Q2142681
http://www.wikidata.org/entity/Q12136,http://www.wikidata.org/entity/Q3147703,http://www.wikidata.org/entity/Q272002
http://www.wikidata.org/entity/Q12136,http://www.wikidata.org/entity/Q2106329,http://www.wikidata.org/entity/Q317158
http://www.wikidata.org/entity/Q12136,http://www.wikidata.org/entity/Q3775782,http://www.wikidata.org/entity/Q618622
http://www.wikidata.org/entity/Q12136,http://www.wikidata.org/entity/Q3297888,http://www.wikidata.org/entity/Q936549
http://www.wikidata.org/entity/Q12136,http://www.wikidata.org/entity/Q3775782,http://www.wikidata.org/entity/Q1129338
http://www.wikidata.org/entity/Q12136,http://www.wikidata.org/entity/Q3658500,http://www.wikidata.org/entity/Q1356194
http://www.wikidata.org/entity/Q12136,http://www.wikidata.org/entity/Q4830469,http://www.wikidata.org/entity/Q3339235
http://www.wikidata.org/entity/Q12136,http://www.wikidata.org/entity/Q4138959,http://www.wikidata.org/entity/Q5334259
http://www.wikidata.org/entity/Q12136,http://www.wikidata.org/entity/Q3629047,http://www.wikidata.org/entity/Q18554701
http://www.wikidata.org/entity/Q12136,http://www.wikidata.org/entity/Q3286546,http://www.wikidata.org/entity/Q18557436
http://www.wikidata.org/entity/Q12136,http://www.wikidata.org/entity/Q3629047,http://www.wikidata.org/entity/Q18558232
http://www.wikidata.org/entity/Q12136,http://www.wikidata.org/entity/Q12775774,http://www.wikidata.org/entity/Q183134
http://www.wikidata.org/entity/Q12136,http://www.wikidata.org/entity/Q21109068,http://www.wikidata.org/entity/Q929737
http://www.wikidata.org/entity/Q12136,http://www.wikidata.org/entity/Q6025119,http://www.wikidata.org/entity/Q1144039
http://www.wikidata.org/entity/Q12136,http://www.wikidata.org/entity/Q32145160,http://www.wikidata.org/entity/Q1151801
http://www.wikidata.org/entity/Q12136,http://www.wikidata.org/entity/Q21014159,http://www.wikidata.org/entity/Q3339235
http://www.wikidata.org/entity/Q12136,http://www.wikidata.org/entity/Q26989045,http://www.wikidata.org/entity/Q3339235
http://www.wikidata.org/entity/Q12136,http://www.wikidata.org/entity/Q8084905,http://www.wikidata.org/entity/Q3843811
http://www.wikidata.org/entity/Q12136,http://www.wikidata.org/entity/Q8084905,http://www.wikidata.org/entity/Q5958765
http://www.wikidata.org/entity/Q12136,http://www.wikidata.org/entity/Q26989028,http://www.wikidata.org/entity/Q7577457
http://www.wikidata.org/entity/Q12136,http://www.wikidata.org/entity/Q5445898,http://www.wikidata.org/entity/Q18968218
http://www.wikidata.org/entity/Q12136,http://www.wikidata.org/entity/Q17177467,http://www.wikidata.org/entity/Q27429766
http://www.wikidata.org/entity/Q12136,http://www.wikidata.org/entity/Q18123741,http://www.wikidata.org/entity/Q42417296
http://www.wikidata.org/entity/Q12136,http://www.wikidata.org/entity/Q54912158,http://www.wikidata.org/entity/Q727028
http://www.wikidata.org/entity/Q12136,http://www.wikidata.org/entity/Q54944012,http://www.wikidata.org/entity/Q1266890
http://www.wikidata.org/entity/Q12136,http://www.wikidata.org/entity/Q54944284,http://www.wikidata.org/entity/Q3041498
http://www.wikidata.org/entity/Q12136,http://www.wikidata.org/entity/Q54943832,http://www.wikidata.org/entity/Q18553676
http://www.wikidata.org/entity/Q12136,http://www.wikidata.org/entity/Q55092887,http://www.wikidata.org/entity/Q47108021
http://www.wikidata.org/entity/Q12140,http://www.wikidata.org/entity/Q113259,http://www.wikidata.org/entity/Q50430231
http://www.wikidata.org/entity/Q12136,http://www.wikidata.org/entity/Q54944003,http://www.wikidata.org/entity/Q54927807
http://www.wikidata.org/entity/Q12140,http://www.wikidata.org/entity/Q2608633,http://www.wikidata.org/entity/Q1963315
http://www.wikidata.org/entity/Q12140,http://www.wikidata.org/entity/Q24883617,http://www.wikidata.org/entity/Q177911
http://www.wikidata.org/entity/Q12870,http://www.wikidata.org/entity/Q805284,http://www.wikidata.org/entity/Q901722
http://www.wikidata.org/entity/Q22947,http://www.wikidata.org/entity/Q893594,http://www.wikidata.org/entity/Q846570
http://www.wikidata.org/entity/Q22947,http://www.wikidata.org/entity/Q893594,http://www.wikidata.org/entity/Q16799549
http://www.wikidata.org/entity/Q22947,http://www.wikidata.org/entity/Q707133,http://www.wikidata.org/entity/Q55393753
http://www.wikidata.org/entity/Q22947,http://www.wikidata.org/entity/Q1209676,http://www.wikidata.org/entity/Q16799549
http://www.wikidata.org/entity/Q22947,http://www.wikidata.org/entity/Q1276073,http://www.wikidata.org/entity/Q16799549
http://www.wikidata.org/entity/Q22947,http://www.wikidata.org/entity/Q2035264,http://www.wikidata.org/entity/Q16799549
http://www.wikidata.org/entity/Q22947,http://www.wikidata.org/entity/Q2365041,http://www.wikidata.org/entity/Q16799549
http://www.wikidata.org/entity/Q22947,http://www.wikidata.org/entity/Q1196645,http://www.wikidata.org/entity/Q96158230
http://www.wikidata.org/entity/Q22947,http://www.wikidata.org/entity/Q1209676,http://www.wikidata.org/entity/Q96158230
http://www.wikidata.org/entity/Q22947,http://www.wikidata.org/entity/Q2663832,http://www.wikidata.org/entity/Q16799549
http://www.wikidata.org/entity/Q22947,http://www.wikidata.org/entity/Q2996826,http://www.wikidata.org/entity/Q16799549
http://www.wikidata.org/entity/Q22947,http://www.wikidata.org/entity/Q2997267,http://www.wikidata.org/entity/Q16799549
http://www.wikidata.org/entity/Q22947,http://www.wikidata.org/entity/Q3247924,http://www.wikidata.org/entity/Q16799549
http://www.wikidata.org/entity/Q22947,http://www.wikidata.org/entity/Q4131845,http://www.wikidata.org/entity/Q16799549
http://www.wikidata.org/entity/Q22947,http://www.wikidata.org/entity/Q6837850,http://www.wikidata.org/entity/Q846570
http://www.wikidata.org/entity/Q22947,http://www.wikidata.org/entity/Q4357542,http://www.wikidata.org/entity/Q16799549
http://www.wikidata.org/entity/Q22947,http://www.wikidata.org/entity/Q4359289,http://www.wikidata.org/entity/Q16799549
http://www.wikidata.org/entity/Q22947,http://www.wikidata.org/entity/Q4883023,http://www.wikidata.org/entity/Q16799549
http://www.wikidata.org/entity/Q22947,http://www.wikidata.org/entity/Q5174946,http://www.wikidata.org/entity/Q16799549
http://www.wikidata.org/entity/Q22947,http://www.wikidata.org/entity/Q7901501,http://www.wikidata.org/entity/Q16799549
http://www.wikidata.org/entity/Q22947,http://www.wikidata.org/entity/Q10344552,http://www.wikidata.org/entity/Q16799549
http://www.wikidata.org/entity/Q22947,http://www.wikidata.org/entity/Q12775779,http://www.wikidata.org/entity/Q16799549
http://www.wikidata.org/entity/Q22947,http://www.wikidata.org/entity/Q55590635,http://www.wikidata.org/entity/Q846570
http://www.wikidata.org/entity/Q22947,http://www.wikidata.org/entity/Q55590637,http://www.wikidata.org/entity/Q846570
http://www.wikidata.org/entity/Q22947,http://www.wikidata.org/entity/Q55590648,http://www.wikidata.org/entity/Q846570
http://www.wikidata.org/entity/Q22947,http://www.wikidata.org/entity/Q55590658,http://www.wikidata.org/entity/Q846570
http://www.wikidata.org/entity/Q22947,http://www.wikidata.org/entity/Q20747504,http://www.wikidata.org/entity/Q16799549
http://www.wikidata.org/entity/Q22947,http://www.wikidata.org/entity/Q20826647,http://www.wikidata.org/entity/Q16799549
http://www.wikidata.org/entity/Q22947,http://www.wikidata.org/entity/Q43296435,http://www.wikidata.org/entity/Q16799549
http://www.wikidata.org/entity/Q22947,http://www.wikidata.org/entity/Q61356225,http://www.wikidata.org/entity/Q55393753
http://www.wikidata.org/entity/Q22947,http://www.wikidata.org/entity/Q55590637,http://www.wikidata.org/entity/Q96158230
http://www.wikidata.org/entity/Q22947,http://www.wikidata.org/entity/Q97142636,http://www.wikidata.org/entity/Q16799549
http://www.wikidata.org/entity/Q22947,http://www.wikidata.org/entity/Q61361124,http://www.wikidata.org/entity/Q55393753
http://www.wikidata.org/entity/Q22947,http://www.wikidata.org/entity/Q100196985,http://www.wikidata.org/entity/Q846570
http://www.wikidata.org/entity/Q22947,http://www.wikidata.org/entity/Q100272520,http://www.wikidata.org/entity/Q846570
http://www.wikidata.org/entity/Q22947,http://www.wikidata.org/entity/Q100355358,http://www.wikidata.org/entity/Q846570
http://www.wikidata.org/entity/Q22947,http://www.wikidata.org/entity/Q100355572,http://www.wikidata.org/entity/Q846570
http://www.wikidata.org/entity/Q22947,http://www.wikidata.org/entity/Q100362258,http://www.wikidata.org/entity/Q846570
http://www.wikidata.org/entity/Q22947,http://www.wikidata.org/entity/Q100369261,http://www.wikidata.org/entity/Q846570
http://www.wikidata.org/entity/Q22947,http://www.wikidata.org/entity/Q100400503,http://www.wikidata.org/entity/Q846570
http://www.wikidata.org/entity/Q22947,http://www.wikidata.org/entity/Q100442581,http://www.wikidata.org/entity/Q846570
http://www.wikidata.org/entity/Q22947,http://www.wikidata.org/entity/Q100443075,http://www.wikidata.org/entity/Q846570
http://www.wikidata.org/entity/Q22947,http://www.wikidata.org/entity/Q100443540,http://www.wikidata.org/entity/Q846570
http://www.wikidata.org/entity/Q22947,http://www.wikidata.org/entity/Q100528048,http://www.wikidata.org/entity/Q846570
http://www.wikidata.org/entity/Q22947,http://www.wikidata.org/entity/Q100568638,http://www.wikidata.org/entity/Q846570
http://www.wikidata.org/entity/Q22947,http://www.wikidata.org/entity/Q100588072,http://www.wikidata.org/entity/Q846570
http://www.wikidata.org/entity/Q22947,http://www.wikidata.org/entity/Q100588108,http://www.wikidata.org/entity/Q846570
http://www.wikidata.org/entity/Q22947,http://www.wikidata.org/entity/Q100588111,http://www.wikidata.org/entity/Q846570
http://www.wikidata.org/entity/Q22947,http://www.wikidata.org/entity/Q100588581,http://www.wikidata.org/entity/Q16799549
http://www.wikidata.org/entity/Q22947,http://www.wikidata.org/entity/Q100605995,http://www.wikidata.org/entity/Q846570
http://www.wikidata.org/entity/Q22947,http://www.wikidata.org/entity/Q100606021,http://www.wikidata.org/entity/Q846570
http://www.wikidata.org/entity/Q22947,http://www.wikidata.org/entity/Q100606028,http://www.wikidata.org/entity/Q846570
http://www.wikidata.org/entity/Q22947,http://www.wikidata.org/entity/Q100606037,http://www.wikidata.org/entity/Q846570
http://www.wikidata.org/entity/Q22947,http://www.wikidata.org/entity/Q100606074,http://www.wikidata.org/entity/Q846570
http://www.wikidata.org/entity/Q22947,http://www.wikidata.org/entity/Q100699442,http://www.wikidata.org/entity/Q846570
http://www.wikidata.org/entity/Q22947,http://www.wikidata.org/entity/Q100699754,http://www.wikidata.org/entity/Q846570
http://www.wikidata.org/entity/Q22947,http://www.wikidata.org/entity/Q100699777,http://www.wikidata.org/entity/Q846570
http://www.wikidata.org/entity/Q22947,http://www.wikidata.org/entity/Q100699808,http://www.wikidata.org/entity/Q846570
http://www.wikidata.org/entity/Q22947,http://www.wikidata.org/entity/Q100699843,http://www.wikidata.org/entity/Q846570
http://www.wikidata.org/entity/Q22947,http://www.wikidata.org/entity/Q100699918,http://www.wikidata.org/entity/Q846570
http://www.wikidata.org/entity/Q22947,http://www.wikidata.org/entity/Q100700027,http://www.wikidata.org/entity/Q846570
http://www.wikidata.org/entity/Q22947,http://www.wikidata.org/entity/Q100700467,http://www.wikidata.org/entity/Q846570
http://www.wikidata.org/entity/Q22947,http://www.wikidata.org/entity/Q100710337,http://www.wikidata.org/entity/Q846570
http://www.wikidata.org/entity/Q22947,http://www.wikidata.org/entity/Q100712913,http://www.wikidata.org/entity/Q846570
http://www.wikidata.org/entity/Q22947,http://www.wikidata.org/entity/Q100713414,http://www.wikidata.org/entity/Q846570
http://www.wikidata.org/entity/Q22947,http://www.wikidata.org/entity/Q100713424,http://www.wikidata.org/entity/Q846570
http://www.wikidata.org/entity/Q22947,http://www.wikidata.org/entity/Q100743976,http://www.wikidata.org/entity/Q846570
http://www.wikidata.org/entity/Q22947,http://www.wikidata.org/entity/Q100744097,http://www.wikidata.org/entity/Q846570
http://www.wikidata.org/entity/Q22947,http://www.wikidata.org/entity/Q100744268,http://www.wikidata.org/entity/Q846570
http://www.wikidata.org/entity/Q22947,http://www.wikidata.org/entity/Q100744392,http://www.wikidata.org/entity/Q846570
http://www.wikidata.org/entity/Q22947,http://www.wikidata.org/entity/Q100744785,http://www.wikidata.org/entity/Q846570
http://www.wikidata.org/entity/Q22947,http://www.wikidata.org/entity/Q100745200,http://www.wikidata.org/entity/Q846570
http://www.wikidata.org/entity/Q22947,http://www.wikidata.org/entity/Q100770986,http://www.wikidata.org/entity/Q846570
http://www.wikidata.org/entity/Q22947,http://www.wikidata.org/entity/Q100789616,http://www.wikidata.org/entity/Q846570
http://www.wikidata.org/entity/Q22947,http://www.wikidata.org/entity/Q100789745,http://www.wikidata.org/entity/Q846570
http://www.wikidata.org/entity/Q22947,http://www.wikidata.org/entity/Q100795457,http://www.wikidata.org/entity/Q846570
http://www.wikidata.org/entity/Q22947,http://www.wikidata.org/entity/Q100795554,http://www.wikidata.org/entity/Q846570
http://www.wikidata.org/entity/Q22947,http://www.wikidata.org/entity/Q100803069,http://www.wikidata.org/entity/Q846570
http://www.wikidata.org/entity/Q22947,http://www.wikidata.org/entity/Q100803457,http://www.wikidata.org/entity/Q846570
http://www.wikidata.org/entity/Q22947,http://www.wikidata.org/entity/Q100803610,http://www.wikidata.org/entity/Q846570
http://www.wikidata.org/entity/Q22947,http://www.wikidata.org/entity/Q100803852,http://www.wikidata.org/entity/Q846570
http://www.wikidata.org/entity/Q22947,http://www.wikidata.org/entity/Q100803966,http://www.wikidata.org/entity/Q846570
http://www.wikidata.org/entity/Q22947,http://www.wikidata.org/entity/Q100877943,http://www.wikidata.org/entity/Q846570
http://www.wikidata.org/entity/Q22947,http://www.wikidata.org/entity/Q100878122,http://www.wikidata.org/entity/Q846570
http://www.wikidata.org/entity/Q22947,http://www.wikidata.org/entity/Q100878352,http://www.wikidata.org/entity/Q846570
http://www.wikidata.org/entity/Q22947,http://www.wikidata.org/entity/Q100878476,http://www.wikidata.org/entity/Q846570
http://www.wikidata.org/entity/Q22947,http://www.wikidata.org/entity/Q100884203,http://www.wikidata.org/entity/Q846570
http://www.wikidata.org/entity/Q22947,http://www.wikidata.org/entity/Q100884527,http://www.wikidata.org/entity/Q846570
http://www.wikidata.org/entity/Q22947,http://www.wikidata.org/entity/Q100885106,http://www.wikidata.org/entity/Q846570
http://www.wikidata.org/entity/Q22947,http://www.wikidata.org/entity/Q101013228,http://www.wikidata.org/entity/Q16799549
http://www.wikidata.org/entity/Q22947,http://www.wikidata.org/entity/Q101086000,http://www.wikidata.org/entity/Q16799549
http://www.wikidata.org/entity/Q22947,http://www.wikidata.org/entity/Q101221292,http://www.wikidata.org/entity/Q846570
http://www.wikidata.org/entity/Q22947,http://www.wikidata.org/entity/Q101444758,http://www.wikidata.org/entity/Q96158230
http://www.wikidata.org/entity/Q23712,http://www.wikidata.org/entity/Q3317612,http://www.wikidata.org/entity/Q1019352
http://www.wikidata.org/entity/Q23712,http://www.wikidata.org/entity/Q14946335,http://www.wikidata.org/entity/Q1019352
http://www.wikidata.org/entity/Q28640,http://www.wikidata.org/entity/Q189290,http://www.wikidata.org/entity/Q47064
http://www.wikidata.org/entity/Q28640,http://www.wikidata.org/entity/Q371909,http://www.wikidata.org/entity/Q82955
http://www.wikidata.org/entity/Q28640,http://www.wikidata.org/entity/Q230699,http://www.wikidata.org/entity/Q212238
http://www.wikidata.org/entity/Q28640,http://www.wikidata.org/entity/Q371909,http://www.wikidata.org/entity/Q212238
http://www.wikidata.org/entity/Q28640,http://www.wikidata.org/entity/Q189290,http://www.wikidata.org/entity/Q61022630
http://www.wikidata.org/entity/Q28640,http://www.wikidata.org/entity/Q4359236,http://www.wikidata.org/entity/Q43845
http://www.wikidata.org/entity/Q28640,http://www.wikidata.org/entity/Q4175034,http://www.wikidata.org/entity/Q82955
http://www.wikidata.org/entity/Q28640,http://www.wikidata.org/entity/Q1665688,http://www.wikidata.org/entity/Q212238
http://www.wikidata.org/entity/Q28640,http://www.wikidata.org/entity/Q1866727,http://www.wikidata.org/entity/Q1666223
http://www.wikidata.org/entity/Q28640,http://www.wikidata.org/entity/Q7114929,http://www.wikidata.org/entity/Q2961975
http://www.wikidata.org/entity/Q28640,http://www.wikidata.org/entity/Q5669847,http://www.wikidata.org/entity/Q3400985
http://www.wikidata.org/entity/Q28640,http://www.wikidata.org/entity/Q1930187,http://www.wikidata.org/entity/Q15980804
http://www.wikidata.org/entity/Q28640,http://www.wikidata.org/entity/Q93265406,http://www.wikidata.org/entity/Q82955
http://www.wikidata.org/entity/Q28640,http://www.wikidata.org/entity/Q56673616,http://www.wikidata.org/entity/Q1028181
http://www.wikidata.org/entity/Q31629,http://www.wikidata.org/entity/Q242791,http://www.wikidata.org/entity/Q11419
http://www.wikidata.org/entity/Q31629,http://www.wikidata.org/entity/Q193036,http://www.wikidata.org/entity/Q43450
http://www.wikidata.org/entity/Q31629,http://www.wikidata.org/entity/Q327742,http://www.wikidata.org/entity/Q216048
http://www.wikidata.org/entity/Q34486,http://www.wikidata.org/entity/Q159129,http://www.wikidata.org/entity/Q4748198
http://www.wikidata.org/entity/Q34651,http://www.wikidata.org/entity/Q35032,http://www.wikidata.org/entity/Q1771682
http://www.wikidata.org/entity/Q34394,http://www.wikidata.org/entity/Q252670,http://www.wikidata.org/entity/Q4378656
http://www.wikidata.org/entity/Q35798,http://www.wikidata.org/entity/Q53930899,http://www.wikidata.org/entity/Q3640798
http://www.wikidata.org/entity/Q35798,http://www.wikidata.org/entity/Q53930901,http://www.wikidata.org/entity/Q3640798
http://www.wikidata.org/entity/Q35798,http://www.wikidata.org/entity/Q53930902,http://www.wikidata.org/entity/Q3640798
http://www.wikidata.org/entity/Q35798,http://www.wikidata.org/entity/Q53930905,http://www.wikidata.org/entity/Q3640798
http://www.wikidata.org/entity/Q35798,http://www.wikidata.org/entity/Q53930907,http://www.wikidata.org/entity/Q3640798
http://www.wikidata.org/entity/Q35798,http://www.wikidata.org/entity/Q53930910,http://www.wikidata.org/entity/Q3640798
http://www.wikidata.org/entity/Q35798,http://www.wikidata.org/entity/Q53930913,http://www.wikidata.org/entity/Q3640798
http://www.wikidata.org/entity/Q35798,http://www.wikidata.org/entity/Q53930914,http://www.wikidata.org/entity/Q3640798
http://www.wikidata.org/entity/Q35798,http://www.wikidata.org/entity/Q53930928,http://www.wikidata.org/entity/Q3640798
http://www.wikidata.org/entity/Q35798,http://www.wikidata.org/entity/Q53930937,http://www.wikidata.org/entity/Q3640798
http://www.wikidata.org/entity/Q35798,http://www.wikidata.org/entity/Q53930939,http://www.wikidata.org/entity/Q3640798
http://www.wikidata.org/entity/Q35798,http://www.wikidata.org/entity/Q66821220,http://www.wikidata.org/entity/Q3640798
http://www.wikidata.org/entity/Q35798,http://www.wikidata.org/entity/Q67187353,http://www.wikidata.org/entity/Q3640798
http://www.wikidata.org/entity/Q36534,http://www.wikidata.org/entity/Q2611095,http://www.wikidata.org/entity/Q192036
http://www.wikidata.org/entity/Q39546,http://www.wikidata.org/entity/Q1519190,http://www.wikidata.org/entity/Q161071
http://www.wikidata.org/entity/Q40056,http://www.wikidata.org/entity/Q909523,http://www.wikidata.org/entity/Q51938570
http://www.wikidata.org/entity/Q38720,http://www.wikidata.org/entity/Q1434438,http://www.wikidata.org/entity/Q1730505
http://www.wikidata.org/entity/Q38720,http://www.wikidata.org/entity/Q2695327,http://www.wikidata.org/entity/Q1730505
http://www.wikidata.org/entity/Q41415,http://www.wikidata.org/entity/Q1219001,http://www.wikidata.org/entity/Q15121455
http://www.wikidata.org/entity/Q41710,http://www.wikidata.org/entity/Q124216,http://www.wikidata.org/entity/Q394067
http://www.wikidata.org/entity/Q41710,http://www.wikidata.org/entity/Q581921,http://www.wikidata.org/entity/Q1209676
http://www.wikidata.org/entity/Q41710,http://www.wikidata.org/entity/Q124216,http://www.wikidata.org/entity/Q101094841
http://www.wikidata.org/entity/Q42527,http://www.wikidata.org/entity/Q68437707,http://www.wikidata.org/entity/Q12378304
http://www.wikidata.org/entity/Q41426,http://www.wikidata.org/entity/Q17540285,http://www.wikidata.org/entity/Q612097
http://www.wikidata.org/entity/Q45959,http://www.wikidata.org/entity/Q7162853,http://www.wikidata.org/entity/Q30314962
http://www.wikidata.org/entity/Q43229,http://www.wikidata.org/entity/Q1558054,http://www.wikidata.org/entity/Q4502119
http://www.wikidata.org/entity/Q51404,http://www.wikidata.org/entity/Q4816014,http://www.wikidata.org/entity/Q4922330
http://www.wikidata.org/entity/Q51404,http://www.wikidata.org/entity/Q4892460,http://www.wikidata.org/entity/Q6630631
http://www.wikidata.org/entity/Q51404,http://www.wikidata.org/entity/Q16979257,http://www.wikidata.org/entity/Q4922330
http://www.wikidata.org/entity/Q51404,http://www.wikidata.org/entity/Q20709277,http://www.wikidata.org/entity/Q4922330
http://www.wikidata.org/entity/Q51404,http://www.wikidata.org/entity/Q64605573,http://www.wikidata.org/entity/Q4922330
http://www.wikidata.org/entity/Q52105,http://www.wikidata.org/entity/Q7777019,http://www.wikidata.org/entity/Q1006733
http://www.wikidata.org/entity/Q52948,http://www.wikidata.org/entity/Q739398,http://www.wikidata.org/entity/Q33059490
http://www.wikidata.org/entity/Q56139,http://www.wikidata.org/entity/Q883744,http://www.wikidata.org/entity/Q281
http://www.wikidata.org/entity/Q81163,http://www.wikidata.org/entity/Q55844718,http://www.wikidata.org/entity/Q7071155
http://www.wikidata.org/entity/Q83267,http://www.wikidata.org/entity/Q694752,http://www.wikidata.org/entity/Q31836060
http://www.wikidata.org/entity/Q83267,http://www.wikidata.org/entity/Q7105533,http://www.wikidata.org/entity/Q11547135
http://www.wikidata.org/entity/Q83267,http://www.wikidata.org/entity/Q11312554,http://www.wikidata.org/entity/Q11547135
http://www.wikidata.org/entity/Q83267,http://www.wikidata.org/entity/Q96238023,http://www.wikidata.org/entity/Q11547135
http://www.wikidata.org/entity/Q107715,http://www.wikidata.org/entity/Q42213,http://www.wikidata.org/entity/Q12774754
http://www.wikidata.org/entity/Q111161,http://www.wikidata.org/entity/Q51645,http://www.wikidata.org/entity/Q10551516
http://www.wikidata.org/entity/Q107715,http://www.wikidata.org/entity/Q5239054,http://www.wikidata.org/entity/Q2352999
http://www.wikidata.org/entity/Q107715,http://www.wikidata.org/entity/Q15106259,http://www.wikidata.org/entity/Q128709
http://www.wikidata.org/entity/Q107715,http://www.wikidata.org/entity/Q15152757,http://www.wikidata.org/entity/Q128709
http://www.wikidata.org/entity/Q101998,http://www.wikidata.org/entity/Q4421,http://www.wikidata.org/entity/Q37813
http://www.wikidata.org/entity/Q123705,http://www.wikidata.org/entity/Q10267336,http://www.wikidata.org/entity/Q17276937
http://www.wikidata.org/entity/Q121359,http://www.wikidata.org/entity/Q202255,http://www.wikidata.org/entity/Q289
http://www.wikidata.org/entity/Q131436,http://www.wikidata.org/entity/Q17065611,http://www.wikidata.org/entity/Q11413
http://www.wikidata.org/entity/Q127771,http://www.wikidata.org/entity/Q700671,http://www.wikidata.org/entity/Q696089
http://www.wikidata.org/entity/Q127771,http://www.wikidata.org/entity/Q15452071,http://www.wikidata.org/entity/Q641977
http://www.wikidata.org/entity/Q127771,http://www.wikidata.org/entity/Q15452300,http://www.wikidata.org/entity/Q641977
http://www.wikidata.org/entity/Q127771,http://www.wikidata.org/entity/Q15514020,http://www.wikidata.org/entity/Q1591662
http://www.wikidata.org/entity/Q133981,http://www.wikidata.org/entity/Q21010954,http://www.wikidata.org/entity/Q21893647
http://www.wikidata.org/entity/Q133981,http://www.wikidata.org/entity/Q21402572,http://www.wikidata.org/entity/Q21893647
http://www.wikidata.org/entity/Q151885,http://www.wikidata.org/entity/Q131841,http://www.wikidata.org/entity/Q2145290
http://www.wikidata.org/entity/Q143210,http://www.wikidata.org/entity/Q61070,http://www.wikidata.org/entity/Q625143
http://www.wikidata.org/entity/Q155076,http://www.wikidata.org/entity/Q17123348,http://www.wikidata.org/entity/Q16054409
http://www.wikidata.org/entity/Q158382,http://www.wikidata.org/entity/Q101092304,http://www.wikidata.org/entity/Q101198711
http://www.wikidata.org/entity/Q153564,http://www.wikidata.org/entity/Q5333079,http://www.wikidata.org/entity/Q26742032
http://www.wikidata.org/entity/Q162314,http://www.wikidata.org/entity/Q42306679,http://www.wikidata.org/entity/Q1267783
http://www.wikidata.org/entity/Q170758,http://www.wikidata.org/entity/Q1916209,http://www.wikidata.org/entity/Q7796114
http://www.wikidata.org/entity/Q173424,http://www.wikidata.org/entity/Q147982,http://www.wikidata.org/entity/Q15057121
http://www.wikidata.org/entity/Q173514,http://www.wikidata.org/entity/Q4377406,http://www.wikidata.org/entity/Q911646
http://www.wikidata.org/entity/Q169872,http://www.wikidata.org/entity/Q1938763,http://www.wikidata.org/entity/Q127076
http://www.wikidata.org/entity/Q169872,http://www.wikidata.org/entity/Q352585,http://www.wikidata.org/entity/Q19000619
http://www.wikidata.org/entity/Q169872,http://www.wikidata.org/entity/Q373597,http://www.wikidata.org/entity/Q19000619
http://www.wikidata.org/entity/Q169872,http://www.wikidata.org/entity/Q1269399,http://www.wikidata.org/entity/Q19000619
http://www.wikidata.org/entity/Q169872,http://www.wikidata.org/entity/Q2565950,http://www.wikidata.org/entity/Q19000619
http://www.wikidata.org/entity/Q169872,http://www.wikidata.org/entity/Q1633866,http://www.wikidata.org/entity/Q30694315
http://www.wikidata.org/entity/Q169872,http://www.wikidata.org/entity/Q3316140,http://www.wikidata.org/entity/Q12046440
http://www.wikidata.org/entity/Q173799,http://www.wikidata.org/entity/Q66825911,http://www.wikidata.org/entity/Q259037
http://www.wikidata.org/entity/Q169872,http://www.wikidata.org/entity/Q96278437,http://www.wikidata.org/entity/Q21120010
http://www.wikidata.org/entity/Q175263,http://www.wikidata.org/entity/Q677051,http://www.wikidata.org/entity/Q4544940
http://www.wikidata.org/entity/Q175854,http://www.wikidata.org/entity/Q980010,http://www.wikidata.org/entity/Q4147342
http://www.wikidata.org/entity/Q175854,http://www.wikidata.org/entity/Q1363791,http://www.wikidata.org/entity/Q8043081
http://www.wikidata.org/entity/Q172937,http://www.wikidata.org/entity/Q15932244,http://www.wikidata.org/entity/Q98446306
http://www.wikidata.org/entity/Q172937,http://www.wikidata.org/entity/Q18048486,http://www.wikidata.org/entity/Q98446306
http://www.wikidata.org/entity/Q176799,http://www.wikidata.org/entity/Q11894227,http://www.wikidata.org/entity/Q2008856
http://www.wikidata.org/entity/Q179405,http://www.wikidata.org/entity/Q671758,http://www.wikidata.org/entity/Q35830
http://www.wikidata.org/entity/Q178359,http://www.wikidata.org/entity/Q177564,http://www.wikidata.org/entity/Q249114
http://www.wikidata.org/entity/Q179700,http://www.wikidata.org/entity/Q33001050,http://www.wikidata.org/entity/Q208120
http://www.wikidata.org/entity/Q181394,http://www.wikidata.org/entity/Q652555,http://www.wikidata.org/entity/Q127980
http://www.wikidata.org/entity/Q182545,http://www.wikidata.org/entity/Q18535,http://www.wikidata.org/entity/Q843227
http://www.wikidata.org/entity/Q183816,http://www.wikidata.org/entity/Q1907867,http://www.wikidata.org/entity/Q2903406
http://www.wikidata.org/entity/Q183816,http://www.wikidata.org/entity/Q60603699,http://www.wikidata.org/entity/Q754848
http://www.wikidata.org/entity/Q183816,http://www.wikidata.org/entity/Q65054910,http://www.wikidata.org/entity/Q754848
http://www.wikidata.org/entity/Q183816,http://www.wikidata.org/entity/Q98168800,http://www.wikidata.org/entity/Q754848
http://www.wikidata.org/entity/Q185451,http://www.wikidata.org/entity/Q886106,http://www.wikidata.org/entity/Q66024779
http://www.wikidata.org/entity/Q184377,http://www.wikidata.org/entity/Q718498,http://www.wikidata.org/entity/Q701013
http://www.wikidata.org/entity/Q187588,http://www.wikidata.org/entity/Q6633946,http://www.wikidata.org/entity/Q134737
http://www.wikidata.org/entity/Q184377,http://www.wikidata.org/entity/Q10805375,http://www.wikidata.org/entity/Q701013
http://www.wikidata.org/entity/Q188063,http://www.wikidata.org/entity/Q58683277,http://www.wikidata.org/entity/Q3556994
http://www.wikidata.org/entity/Q190087,http://www.wikidata.org/entity/Q7247800,http://www.wikidata.org/entity/Q2879072
http://www.wikidata.org/entity/Q188267,http://www.wikidata.org/entity/Q30267,http://www.wikidata.org/entity/Q2465506
http://www.wikidata.org/entity/Q189533,http://www.wikidata.org/entity/Q55334314,http://www.wikidata.org/entity/Q163727
http://www.wikidata.org/entity/Q189533,http://www.wikidata.org/entity/Q25929244,http://www.wikidata.org/entity/Q5978719
http://www.wikidata.org/entity/Q188451,http://www.wikidata.org/entity/Q4499034,http://www.wikidata.org/entity/Q1989725
http://www.wikidata.org/entity/Q188451,http://www.wikidata.org/entity/Q5612172,http://www.wikidata.org/entity/Q7309098
http://www.wikidata.org/entity/Q188451,http://www.wikidata.org/entity/Q4499034,http://www.wikidata.org/entity/Q20819985
http://www.wikidata.org/entity/Q193395,http://www.wikidata.org/entity/Q4432,http://www.wikidata.org/entity/Q487343
http://www.wikidata.org/entity/Q200538,http://www.wikidata.org/entity/Q23459413,http://www.wikidata.org/entity/Q6124436
http://www.wikidata.org/entity/Q200779,http://www.wikidata.org/entity/Q55784880,http://www.wikidata.org/entity/Q7113674
http://www.wikidata.org/entity/Q200779,http://www.wikidata.org/entity/Q60195168,http://www.wikidata.org/entity/Q1452604
http://www.wikidata.org/entity/Q200779,http://www.wikidata.org/entity/Q60195169,http://www.wikidata.org/entity/Q1452604
http://www.wikidata.org/entity/Q200779,http://www.wikidata.org/entity/Q60195170,http://www.wikidata.org/entity/Q1452604
http://www.wikidata.org/entity/Q200779,http://www.wikidata.org/entity/Q60195171,http://www.wikidata.org/entity/Q1452604
http://www.wikidata.org/entity/Q200779,http://www.wikidata.org/entity/Q60195172,http://www.wikidata.org/entity/Q1452604
http://www.wikidata.org/entity/Q200779,http://www.wikidata.org/entity/Q60195173,http://www.wikidata.org/entity/Q1452604
http://www.wikidata.org/entity/Q200779,http://www.wikidata.org/entity/Q60195174,http://www.wikidata.org/entity/Q1452604
http://www.wikidata.org/entity/Q200779,http://www.wikidata.org/entity/Q60195176,http://www.wikidata.org/entity/Q1452604
http://www.wikidata.org/entity/Q200779,http://www.wikidata.org/entity/Q8037184,http://www.wikidata.org/entity/Q9292374
http://www.wikidata.org/entity/Q205049,http://www.wikidata.org/entity/Q624044,http://www.wikidata.org/entity/Q235858
http://www.wikidata.org/entity/Q208544,http://www.wikidata.org/entity/Q1144025,http://www.wikidata.org/entity/Q4378924
http://www.wikidata.org/entity/Q213016,http://www.wikidata.org/entity/Q4311765,http://www.wikidata.org/entity/Q179635
http://www.wikidata.org/entity/Q212111,http://www.wikidata.org/entity/Q311552,http://www.wikidata.org/entity/Q332829
http://www.wikidata.org/entity/Q212238,http://www.wikidata.org/entity/Q1004124,http://www.wikidata.org/entity/Q20108464
http://www.wikidata.org/entity/Q213441,http://www.wikidata.org/entity/Q76757721,http://www.wikidata.org/entity/Q1068824
http://www.wikidata.org/entity/Q214609,http://www.wikidata.org/entity/Q868947,http://www.wikidata.org/entity/Q178150
http://www.wikidata.org/entity/Q223393,http://www.wikidata.org/entity/Q12483706,http://www.wikidata.org/entity/Q482
http://www.wikidata.org/entity/Q223393,http://www.wikidata.org/entity/Q20087698,http://www.wikidata.org/entity/Q1004
http://www.wikidata.org/entity/Q223393,http://www.wikidata.org/entity/Q19389852,http://www.wikidata.org/entity/Q8261
http://www.wikidata.org/entity/Q223393,http://www.wikidata.org/entity/Q19389852,http://www.wikidata.org/entity/Q182015
http://www.wikidata.org/entity/Q223393,http://www.wikidata.org/entity/Q19389852,http://www.wikidata.org/entity/Q208505
http://www.wikidata.org/entity/Q217602,http://www.wikidata.org/entity/Q1585708,http://www.wikidata.org/entity/Q380382
http://www.wikidata.org/entity/Q268592,http://www.wikidata.org/entity/Q155930,http://www.wikidata.org/entity/Q7590
http://www.wikidata.org/entity/Q268592,http://www.wikidata.org/entity/Q98278135,http://www.wikidata.org/entity/Q601401
http://www.wikidata.org/entity/Q268592,http://www.wikidata.org/entity/Q16319025,http://www.wikidata.org/entity/Q57774188
http://www.wikidata.org/entity/Q265868,http://www.wikidata.org/entity/Q615837,http://www.wikidata.org/entity/Q1422057
http://www.wikidata.org/entity/Q265868,http://www.wikidata.org/entity/Q1884889,http://www.wikidata.org/entity/Q1422057
http://www.wikidata.org/entity/Q265868,http://www.wikidata.org/entity/Q3493614,http://www.wikidata.org/entity/Q1422057
http://www.wikidata.org/entity/Q309027,http://www.wikidata.org/entity/Q15052601,http://www.wikidata.org/entity/Q1410423
http://www.wikidata.org/entity/Q321263,http://www.wikidata.org/entity/Q3683086,http://www.wikidata.org/entity/Q1069954
http://www.wikidata.org/entity/Q321263,http://www.wikidata.org/entity/Q3862277,http://www.wikidata.org/entity/Q1069954
http://www.wikidata.org/entity/Q329303,http://www.wikidata.org/entity/Q5172461,http://www.wikidata.org/entity/Q272051
http://www.wikidata.org/entity/Q294414,http://www.wikidata.org/entity/Q3249024,http://www.wikidata.org/entity/Q132050
http://www.wikidata.org/entity/Q294414,http://www.wikidata.org/entity/Q67913204,http://www.wikidata.org/entity/Q57583239
http://www.wikidata.org/entity/Q299191,http://www.wikidata.org/entity/Q985834,http://www.wikidata.org/entity/Q131375
http://www.wikidata.org/entity/Q327333,http://www.wikidata.org/entity/Q3754526,http://www.wikidata.org/entity/Q11771944
http://www.wikidata.org/entity/Q299191,http://www.wikidata.org/entity/Q15898287,http://www.wikidata.org/entity/Q191448
http://www.wikidata.org/entity/Q299191,http://www.wikidata.org/entity/Q2526804,http://www.wikidata.org/entity/Q715883
http://www.wikidata.org/entity/Q317623,http://www.wikidata.org/entity/Q927865,http://www.wikidata.org/entity/Q1148887
http://www.wikidata.org/entity/Q317623,http://www.wikidata.org/entity/Q65037409,http://www.wikidata.org/entity/Q1148887
http://www.wikidata.org/entity/Q353344,http://www.wikidata.org/entity/Q831048,http://www.wikidata.org/entity/Q12817455
http://www.wikidata.org/entity/Q349843,http://www.wikidata.org/entity/Q3990978,http://www.wikidata.org/entity/Q2031939
http://www.wikidata.org/entity/Q378427,http://www.wikidata.org/entity/Q10336568,http://www.wikidata.org/entity/Q622813
http://www.wikidata.org/entity/Q391414,http://www.wikidata.org/entity/Q3651250,http://www.wikidata.org/entity/Q221706
http://www.wikidata.org/entity/Q391414,http://www.wikidata.org/entity/Q3651250,http://www.wikidata.org/entity/Q3488818
http://www.wikidata.org/entity/Q391414,http://www.wikidata.org/entity/Q640104,http://www.wikidata.org/entity/Q221706
http://www.wikidata.org/entity/Q391414,http://www.wikidata.org/entity/Q640104,http://www.wikidata.org/entity/Q3488818
http://www.wikidata.org/entity/Q417841,http://www.wikidata.org/entity/Q26921422,http://www.wikidata.org/entity/Q416781
http://www.wikidata.org/entity/Q417841,http://www.wikidata.org/entity/Q26921441,http://www.wikidata.org/entity/Q418917
http://www.wikidata.org/entity/Q417841,http://www.wikidata.org/entity/Q26987774,http://www.wikidata.org/entity/Q623090
http://www.wikidata.org/entity/Q417841,http://www.wikidata.org/entity/Q26987778,http://www.wikidata.org/entity/Q623090
http://www.wikidata.org/entity/Q417841,http://www.wikidata.org/entity/Q26987785,http://www.wikidata.org/entity/Q623090
http://www.wikidata.org/entity/Q474191,http://www.wikidata.org/entity/Q181138,http://www.wikidata.org/entity/Q83364
http://www.wikidata.org/entity/Q475699,http://www.wikidata.org/entity/Q1029573,http://www.wikidata.org/entity/Q64866310
http://www.wikidata.org/entity/Q476300,http://www.wikidata.org/entity/Q55655722,http://www.wikidata.org/entity/Q55655315
http://www.wikidata.org/entity/Q483394,http://www.wikidata.org/entity/Q5151404,http://www.wikidata.org/entity/Q40831
http://www.wikidata.org/entity/Q486972,http://www.wikidata.org/entity/Q20541692,http://www.wikidata.org/entity/Q13526752
http://www.wikidata.org/entity/Q578994,http://www.wikidata.org/entity/Q842428,http://www.wikidata.org/entity/Q17162726
http://www.wikidata.org/entity/Q578994,http://www.wikidata.org/entity/Q2264130,http://www.wikidata.org/entity/Q17162726
http://www.wikidata.org/entity/Q618779,http://www.wikidata.org/entity/Q1758647,http://www.wikidata.org/entity/Q1511010
http://www.wikidata.org/entity/Q618779,http://www.wikidata.org/entity/Q57082336,http://www.wikidata.org/entity/Q131647
http://www.wikidata.org/entity/Q655697,http://www.wikidata.org/entity/Q17176682,http://www.wikidata.org/entity/Q19921806
http://www.wikidata.org/entity/Q657326,http://www.wikidata.org/entity/Q58849706,http://www.wikidata.org/entity/Q177826
http://www.wikidata.org/entity/Q702842,http://www.wikidata.org/entity/Q2845944,http://www.wikidata.org/entity/Q679388
http://www.wikidata.org/entity/Q746549,http://www.wikidata.org/entity/Q11417014,http://www.wikidata.org/entity/Q1142841
http://www.wikidata.org/entity/Q728001,http://www.wikidata.org/entity/Q126473,http://www.wikidata.org/entity/Q102786
http://www.wikidata.org/entity/Q728001,http://www.wikidata.org/entity/Q1786693,http://www.wikidata.org/entity/Q102786
http://www.wikidata.org/entity/Q746549,http://www.wikidata.org/entity/Q15715760,http://www.wikidata.org/entity/Q44541
http://www.wikidata.org/entity/Q746549,http://www.wikidata.org/entity/Q21503862,http://www.wikidata.org/entity/Q44541
http://www.wikidata.org/entity/Q746549,http://www.wikidata.org/entity/Q21517662,http://www.wikidata.org/entity/Q44541
http://www.wikidata.org/entity/Q746549,http://www.wikidata.org/entity/Q21513463,http://www.wikidata.org/entity/Q8196212
http://www.wikidata.org/entity/Q746549,http://www.wikidata.org/entity/Q30005082,http://www.wikidata.org/entity/Q950976
http://www.wikidata.org/entity/Q746549,http://www.wikidata.org/entity/Q12200,http://www.wikidata.org/entity/Q44541
http://www.wikidata.org/entity/Q746549,http://www.wikidata.org/entity/Q67888145,http://www.wikidata.org/entity/Q636056
http://www.wikidata.org/entity/Q746549,http://www.wikidata.org/entity/Q2284646,http://www.wikidata.org/entity/Q8196212
http://www.wikidata.org/entity/Q746549,http://www.wikidata.org/entity/Q4229214,http://www.wikidata.org/entity/Q44541
http://www.wikidata.org/entity/Q746549,http://www.wikidata.org/entity/Q5233479,http://www.wikidata.org/entity/Q44541
http://www.wikidata.org/entity/Q771035,http://www.wikidata.org/entity/Q4456824,http://www.wikidata.org/entity/Q3439913
http://www.wikidata.org/entity/Q827335,http://www.wikidata.org/entity/Q1514741,http://www.wikidata.org/entity/Q17008256
http://www.wikidata.org/entity/Q827335,http://www.wikidata.org/entity/Q29684847,http://www.wikidata.org/entity/Q17008256
http://www.wikidata.org/entity/Q845132,http://www.wikidata.org/entity/Q2116450,http://www.wikidata.org/entity/Q12292478
http://www.wikidata.org/entity/Q860740,http://www.wikidata.org/entity/Q742672,http://www.wikidata.org/entity/Q845527
http://www.wikidata.org/entity/Q860740,http://www.wikidata.org/entity/Q79052868,http://www.wikidata.org/entity/Q845527
http://www.wikidata.org/entity/Q862597,http://www.wikidata.org/entity/Q2089987,http://www.wikidata.org/entity/Q9759
http://www.wikidata.org/entity/Q862597,http://www.wikidata.org/entity/Q927425,http://www.wikidata.org/entity/Q202287
http://www.wikidata.org/entity/Q862597,http://www.wikidata.org/entity/Q2713930,http://www.wikidata.org/entity/Q202287
http://www.wikidata.org/entity/Q874405,http://www.wikidata.org/entity/Q98033936,http://www.wikidata.org/entity/Q48282
http://www.wikidata.org/entity/Q929833,http://www.wikidata.org/entity/Q862872,http://www.wikidata.org/entity/Q703961
http://www.wikidata.org/entity/Q949302,http://www.wikidata.org/entity/Q6009373,http://www.wikidata.org/entity/Q7262033
http://www.wikidata.org/entity/Q931309,http://www.wikidata.org/entity/Q4115819,http://www.wikidata.org/entity/Q245341
http://www.wikidata.org/entity/Q1074328,http://www.wikidata.org/entity/Q98877537,http://www.wikidata.org/entity/Q98873597
http://www.wikidata.org/entity/Q1097498,http://www.wikidata.org/entity/Q95899747,http://www.wikidata.org/entity/Q93879636
http://www.wikidata.org/entity/Q1139327,http://www.wikidata.org/entity/Q5146910,http://www.wikidata.org/entity/Q476300
http://www.wikidata.org/entity/Q1130697,http://www.wikidata.org/entity/Q15051101,http://www.wikidata.org/entity/Q207700
http://www.wikidata.org/entity/Q1137468,http://www.wikidata.org/entity/Q15105299,http://www.wikidata.org/entity/Q1454201
http://www.wikidata.org/entity/Q1190554,http://www.wikidata.org/entity/Q452440,http://www.wikidata.org/entity/Q17853087
http://www.wikidata.org/entity/Q1190554,http://www.wikidata.org/entity/Q2238935,http://www.wikidata.org/entity/Q331483
http://www.wikidata.org/entity/Q1190554,http://www.wikidata.org/entity/Q16176775,http://www.wikidata.org/entity/Q47496130
http://www.wikidata.org/entity/Q1216998,http://www.wikidata.org/entity/Q7900855,http://www.wikidata.org/entity/Q133212
http://www.wikidata.org/entity/Q1216998,http://www.wikidata.org/entity/Q17640201,http://www.wikidata.org/entity/Q133212
http://www.wikidata.org/entity/Q1216998,http://www.wikidata.org/entity/Q18975915,http://www.wikidata.org/entity/Q133212
http://www.wikidata.org/entity/Q1261026,http://www.wikidata.org/entity/Q216665,http://www.wikidata.org/entity/Q849965
http://www.wikidata.org/entity/Q1269299,http://www.wikidata.org/entity/Q166280,http://www.wikidata.org/entity/Q134161
http://www.wikidata.org/entity/Q1254773,http://www.wikidata.org/entity/Q623509,http://www.wikidata.org/entity/Q57315384
http://www.wikidata.org/entity/Q1254773,http://www.wikidata.org/entity/Q87929050,http://www.wikidata.org/entity/Q1808578
http://www.wikidata.org/entity/Q1258217,http://www.wikidata.org/entity/Q3233785,http://www.wikidata.org/entity/Q49996495
http://www.wikidata.org/entity/Q1288568,http://www.wikidata.org/entity/Q3110592,http://www.wikidata.org/entity/Q7850
http://www.wikidata.org/entity/Q1293220,http://www.wikidata.org/entity/Q945733,http://www.wikidata.org/entity/Q18335
http://www.wikidata.org/entity/Q1364556,http://www.wikidata.org/entity/Q280481,http://www.wikidata.org/entity/Q41254
http://www.wikidata.org/entity/Q1364556,http://www.wikidata.org/entity/Q1453643,http://www.wikidata.org/entity/Q41254
http://www.wikidata.org/entity/Q1408288,http://www.wikidata.org/entity/Q496098,http://www.wikidata.org/entity/Q1651044
http://www.wikidata.org/entity/Q1408288,http://www.wikidata.org/entity/Q1055732,http://www.wikidata.org/entity/Q1651044
http://www.wikidata.org/entity/Q1364556,http://www.wikidata.org/entity/Q96586004,http://www.wikidata.org/entity/Q4745579
http://www.wikidata.org/entity/Q1364556,http://www.wikidata.org/entity/Q96586469,http://www.wikidata.org/entity/Q4745579
http://www.wikidata.org/entity/Q1364556,http://www.wikidata.org/entity/Q96586836,http://www.wikidata.org/entity/Q4745579
http://www.wikidata.org/entity/Q1364556,http://www.wikidata.org/entity/Q96587125,http://www.wikidata.org/entity/Q4745579
http://www.wikidata.org/entity/Q1364556,http://www.wikidata.org/entity/Q96587375,http://www.wikidata.org/entity/Q4745579
http://www.wikidata.org/entity/Q1364556,http://www.wikidata.org/entity/Q96613973,http://www.wikidata.org/entity/Q4745579
http://www.wikidata.org/entity/Q1364556,http://www.wikidata.org/entity/Q96614530,http://www.wikidata.org/entity/Q4745579
http://www.wikidata.org/entity/Q1364556,http://www.wikidata.org/entity/Q96614834,http://www.wikidata.org/entity/Q4745579
http://www.wikidata.org/entity/Q1406161,http://www.wikidata.org/entity/Q85844812,http://www.wikidata.org/entity/Q608632
http://www.wikidata.org/entity/Q1441305,http://www.wikidata.org/entity/Q86,http://www.wikidata.org/entity/Q81938
http://www.wikidata.org/entity/Q1432594,http://www.wikidata.org/entity/Q16398,http://www.wikidata.org/entity/Q1626612
http://www.wikidata.org/entity/Q1441305,http://www.wikidata.org/entity/Q3403879,http://www.wikidata.org/entity/Q21128838
http://www.wikidata.org/entity/Q1441305,http://www.wikidata.org/entity/Q21006662,http://www.wikidata.org/entity/Q767485
http://www.wikidata.org/entity/Q1441305,http://www.wikidata.org/entity/Q30141616,http://www.wikidata.org/entity/Q989365
http://www.wikidata.org/entity/Q1478437,http://www.wikidata.org/entity/Q19916292,http://www.wikidata.org/entity/Q16718172
http://www.wikidata.org/entity/Q1572121,http://www.wikidata.org/entity/Q45989477,http://www.wikidata.org/entity/Q62617958
http://www.wikidata.org/entity/Q1656682,http://www.wikidata.org/entity/Q1694159,http://www.wikidata.org/entity/Q478515
http://www.wikidata.org/entity/Q1622925,http://www.wikidata.org/entity/Q1264365,http://www.wikidata.org/entity/Q5668163
http://www.wikidata.org/entity/Q1643989,http://www.wikidata.org/entity/Q47433,http://www.wikidata.org/entity/Q693464
http://www.wikidata.org/entity/Q1622925,http://www.wikidata.org/entity/Q11942418,http://www.wikidata.org/entity/Q5668163
http://www.wikidata.org/entity/Q1622925,http://www.wikidata.org/entity/Q61883100,http://www.wikidata.org/entity/Q5668163
http://www.wikidata.org/entity/Q1622925,http://www.wikidata.org/entity/Q61883146,http://www.wikidata.org/entity/Q5668163
http://www.wikidata.org/entity/Q1746392,http://www.wikidata.org/entity/Q371752,http://www.wikidata.org/entity/Q2293362
http://www.wikidata.org/entity/Q1746392,http://www.wikidata.org/entity/Q371752,http://www.wikidata.org/entity/Q2309609
http://www.wikidata.org/entity/Q1665984,http://www.wikidata.org/entity/Q928786,http://www.wikidata.org/entity/Q1143546
http://www.wikidata.org/entity/Q1788716,http://www.wikidata.org/entity/Q35792868,http://www.wikidata.org/entity/Q129508
http://www.wikidata.org/entity/Q1788716,http://www.wikidata.org/entity/Q35793374,http://www.wikidata.org/entity/Q129508
http://www.wikidata.org/entity/Q1788716,http://www.wikidata.org/entity/Q35793606,http://www.wikidata.org/entity/Q129508
http://www.wikidata.org/entity/Q1788716,http://www.wikidata.org/entity/Q35793826,http://www.wikidata.org/entity/Q129508
http://www.wikidata.org/entity/Q1788716,http://www.wikidata.org/entity/Q35794198,http://www.wikidata.org/entity/Q129508
http://www.wikidata.org/entity/Q1788716,http://www.wikidata.org/entity/Q35795030,http://www.wikidata.org/entity/Q129508
http://www.wikidata.org/entity/Q1788716,http://www.wikidata.org/entity/Q35795329,http://www.wikidata.org/entity/Q129508
http://www.wikidata.org/entity/Q1788716,http://www.wikidata.org/entity/Q35795612,http://www.wikidata.org/entity/Q129508
http://www.wikidata.org/entity/Q1778821,http://www.wikidata.org/entity/Q1326339,http://www.wikidata.org/entity/Q638022
http://www.wikidata.org/entity/Q1792379,http://www.wikidata.org/entity/Q372240,http://www.wikidata.org/entity/Q631931
http://www.wikidata.org/entity/Q1920219,http://www.wikidata.org/entity/Q861360,http://www.wikidata.org/entity/Q5431887
http://www.wikidata.org/entity/Q1928978,http://www.wikidata.org/entity/Q12195,http://www.wikidata.org/entity/Q5062121
http://www.wikidata.org/entity/Q1928978,http://www.wikidata.org/entity/Q39222,http://www.wikidata.org/entity/Q5062121
http://www.wikidata.org/entity/Q1928978,http://www.wikidata.org/entity/Q3053951,http://www.wikidata.org/entity/Q5062121
http://www.wikidata.org/entity/Q1928978,http://www.wikidata.org/entity/Q9430213,http://www.wikidata.org/entity/Q5062121
http://www.wikidata.org/entity/Q1928978,http://www.wikidata.org/entity/Q18558169,http://www.wikidata.org/entity/Q5062121
http://www.wikidata.org/entity/Q1931388,http://www.wikidata.org/entity/Q883082,http://www.wikidata.org/entity/Q114953
http://www.wikidata.org/entity/Q1955280,http://www.wikidata.org/entity/Q4261412,http://www.wikidata.org/entity/Q1418057
http://www.wikidata.org/entity/Q1931388,http://www.wikidata.org/entity/Q43381944,http://www.wikidata.org/entity/Q11868838
http://www.wikidata.org/entity/Q1914636,http://www.wikidata.org/entity/Q444310,http://www.wikidata.org/entity/Q999646
http://www.wikidata.org/entity/Q1914636,http://www.wikidata.org/entity/Q1479406,http://www.wikidata.org/entity/Q2251595
http://www.wikidata.org/entity/Q1914636,http://www.wikidata.org/entity/Q1175042,http://www.wikidata.org/entity/Q2920921
http://www.wikidata.org/entity/Q1914636,http://www.wikidata.org/entity/Q1005490,http://www.wikidata.org/entity/Q12004616
http://www.wikidata.org/entity/Q2015728,http://www.wikidata.org/entity/Q3344353,http://www.wikidata.org/entity/Q5439395
http://www.wikidata.org/entity/Q1994301,http://www.wikidata.org/entity/Q99982255,http://www.wikidata.org/entity/Q625420
http://www.wikidata.org/entity/Q2106340,http://www.wikidata.org/entity/Q11349668,http://www.wikidata.org/entity/Q11602103
http://www.wikidata.org/entity/Q2047938,http://www.wikidata.org/entity/Q6034307,http://www.wikidata.org/entity/Q55604101
http://www.wikidata.org/entity/Q2143661,http://www.wikidata.org/entity/Q1682171,http://www.wikidata.org/entity/Q166849
http://www.wikidata.org/entity/Q2235308,http://www.wikidata.org/entity/Q1634158,http://www.wikidata.org/entity/Q170483
http://www.wikidata.org/entity/Q2234610,http://www.wikidata.org/entity/Q2918337,http://www.wikidata.org/entity/Q1133339
http://www.wikidata.org/entity/Q2373919,http://www.wikidata.org/entity/Q992194,http://www.wikidata.org/entity/Q517760
http://www.wikidata.org/entity/Q2312410,http://www.wikidata.org/entity/Q21467672,http://www.wikidata.org/entity/Q105674
http://www.wikidata.org/entity/Q2424752,http://www.wikidata.org/entity/Q131207,http://www.wikidata.org/entity/Q79529
http://www.wikidata.org/entity/Q2424752,http://www.wikidata.org/entity/Q503288,http://www.wikidata.org/entity/Q79529
http://www.wikidata.org/entity/Q2424752,http://www.wikidata.org/entity/Q1069267,http://www.wikidata.org/entity/Q79529
http://www.wikidata.org/entity/Q2424752,http://www.wikidata.org/entity/Q1365353,http://www.wikidata.org/entity/Q79529
http://www.wikidata.org/entity/Q2385804,http://www.wikidata.org/entity/Q14551995,http://www.wikidata.org/entity/Q359674
http://www.wikidata.org/entity/Q2472587,http://www.wikidata.org/entity/Q121842,http://www.wikidata.org/entity/Q101094841
http://www.wikidata.org/entity/Q2472587,http://www.wikidata.org/entity/Q124216,http://www.wikidata.org/entity/Q101094841
http://www.wikidata.org/entity/Q2472587,http://www.wikidata.org/entity/Q170217,http://www.wikidata.org/entity/Q101094841
http://www.wikidata.org/entity/Q2472587,http://www.wikidata.org/entity/Q842438,http://www.wikidata.org/entity/Q101094841
http://www.wikidata.org/entity/Q2472587,http://www.wikidata.org/entity/Q1092641,http://www.wikidata.org/entity/Q101094841
http://www.wikidata.org/entity/Q2472587,http://www.wikidata.org/entity/Q1377716,http://www.wikidata.org/entity/Q101094841
http://www.wikidata.org/entity/Q2472587,http://www.wikidata.org/entity/Q7429989,http://www.wikidata.org/entity/Q101094841
http://www.wikidata.org/entity/Q2472587,http://www.wikidata.org/entity/Q55590637,http://www.wikidata.org/entity/Q1196645
http://www.wikidata.org/entity/Q2472587,http://www.wikidata.org/entity/Q55590650,http://www.wikidata.org/entity/Q1196645
http://www.wikidata.org/entity/Q2472587,http://www.wikidata.org/entity/Q94800739,http://www.wikidata.org/entity/Q1196645
http://www.wikidata.org/entity/Q2472587,http://www.wikidata.org/entity/Q96158854,http://www.wikidata.org/entity/Q1196645
http://www.wikidata.org/entity/Q2472587,http://www.wikidata.org/entity/Q100198559,http://www.wikidata.org/entity/Q1196645
http://www.wikidata.org/entity/Q2472587,http://www.wikidata.org/entity/Q100203032,http://www.wikidata.org/entity/Q1196645
http://www.wikidata.org/entity/Q2472587,http://www.wikidata.org/entity/Q100348876,http://www.wikidata.org/entity/Q1196645
http://www.wikidata.org/entity/Q2472587,http://www.wikidata.org/entity/Q100355826,http://www.wikidata.org/entity/Q1196645
http://www.wikidata.org/entity/Q2472587,http://www.wikidata.org/entity/Q100981837,http://www.wikidata.org/entity/Q1196645
http://www.wikidata.org/entity/Q2472587,http://www.wikidata.org/entity/Q100982063,http://www.wikidata.org/entity/Q1196645
http://www.wikidata.org/entity/Q2472587,http://www.wikidata.org/entity/Q100982257,http://www.wikidata.org/entity/Q1196645
http://www.wikidata.org/entity/Q2472587,http://www.wikidata.org/entity/Q100982450,http://www.wikidata.org/entity/Q1196645
http://www.wikidata.org/entity/Q2472587,http://www.wikidata.org/entity/Q100982644,http://www.wikidata.org/entity/Q1196645
http://www.wikidata.org/entity/Q2472587,http://www.wikidata.org/entity/Q100983163,http://www.wikidata.org/entity/Q1196645
http://www.wikidata.org/entity/Q2472587,http://www.wikidata.org/entity/Q100983288,http://www.wikidata.org/entity/Q1196645
http://www.wikidata.org/entity/Q2472587,http://www.wikidata.org/entity/Q100983584,http://www.wikidata.org/entity/Q1196645
http://www.wikidata.org/entity/Q2472587,http://www.wikidata.org/entity/Q100984174,http://www.wikidata.org/entity/Q1196645
http://www.wikidata.org/entity/Q2472587,http://www.wikidata.org/entity/Q100984372,http://www.wikidata.org/entity/Q1196645
http://www.wikidata.org/entity/Q2472587,http://www.wikidata.org/entity/Q101066339,http://www.wikidata.org/entity/Q12960308
http://www.wikidata.org/entity/Q2472587,http://www.wikidata.org/entity/Q101067412,http://www.wikidata.org/entity/Q12960308
http://www.wikidata.org/entity/Q2472587,http://www.wikidata.org/entity/Q101083550,http://www.wikidata.org/entity/Q101083323
http://www.wikidata.org/entity/Q2472587,http://www.wikidata.org/entity/Q101083602,http://www.wikidata.org/entity/Q101083323
http://www.wikidata.org/entity/Q2472587,http://www.wikidata.org/entity/Q101094861,http://www.wikidata.org/entity/Q101094841
http://www.wikidata.org/entity/Q2662845,http://www.wikidata.org/entity/Q27537038,http://www.wikidata.org/entity/Q2840399
http://www.wikidata.org/entity/Q2671652,http://www.wikidata.org/entity/Q216933,http://www.wikidata.org/entity/Q234904
http://www.wikidata.org/entity/Q2671652,http://www.wikidata.org/entity/Q2662381,http://www.wikidata.org/entity/Q234904
http://www.wikidata.org/entity/Q2671652,http://www.wikidata.org/entity/Q641267,http://www.wikidata.org/entity/Q3153694
http://www.wikidata.org/entity/Q2671652,http://www.wikidata.org/entity/Q641267,http://www.wikidata.org/entity/Q4062596
http://www.wikidata.org/entity/Q2643571,http://www.wikidata.org/entity/Q47495874,http://www.wikidata.org/entity/Q11998326
http://www.wikidata.org/entity/Q2695280,http://www.wikidata.org/entity/Q957423,http://www.wikidata.org/entity/Q974213
http://www.wikidata.org/entity/Q2857578,http://www.wikidata.org/entity/Q747894,http://www.wikidata.org/entity/Q12030109
http://www.wikidata.org/entity/Q2996394,http://www.wikidata.org/entity/Q189101,http://www.wikidata.org/entity/Q189159
http://www.wikidata.org/entity/Q2996394,http://www.wikidata.org/entity/Q121610,http://www.wikidata.org/entity/Q1823478
http://www.wikidata.org/entity/Q2996394,http://www.wikidata.org/entity/Q167980,http://www.wikidata.org/entity/Q14820652
http://www.wikidata.org/entity/Q2996394,http://www.wikidata.org/entity/Q193119,http://www.wikidata.org/entity/Q14860201
http://www.wikidata.org/entity/Q2996394,http://www.wikidata.org/entity/Q781413,http://www.wikidata.org/entity/Q14912053
http://www.wikidata.org/entity/Q2996394,http://www.wikidata.org/entity/Q22290078,http://www.wikidata.org/entity/Q1435575
http://www.wikidata.org/entity/Q2996394,http://www.wikidata.org/entity/Q4918888,http://www.wikidata.org/entity/Q2990593
http://www.wikidata.org/entity/Q2996394,http://www.wikidata.org/entity/Q1364253,http://www.wikidata.org/entity/Q22284496
http://www.wikidata.org/entity/Q2996394,http://www.wikidata.org/entity/Q919283,http://www.wikidata.org/entity/Q22298585
http://www.wikidata.org/entity/Q3054261,http://www.wikidata.org/entity/Q18451361,http://www.wikidata.org/entity/Q1632676
http://www.wikidata.org/entity/Q3100808,http://www.wikidata.org/entity/Q97635641,http://www.wikidata.org/entity/Q182956
http://www.wikidata.org/entity/Q3247516,http://www.wikidata.org/entity/Q1141429,http://www.wikidata.org/entity/Q17113277
http://www.wikidata.org/entity/Q3354346,http://www.wikidata.org/entity/Q5903807,http://www.wikidata.org/entity/Q5903802
http://www.wikidata.org/entity/Q3354346,http://www.wikidata.org/entity/Q17003363,http://www.wikidata.org/entity/Q5903802
http://www.wikidata.org/entity/Q3546121,http://www.wikidata.org/entity/Q67863852,http://www.wikidata.org/entity/Q3088299
http://www.wikidata.org/entity/Q3546121,http://www.wikidata.org/entity/Q68431631,http://www.wikidata.org/entity/Q3088299
http://www.wikidata.org/entity/Q4164871,http://www.wikidata.org/entity/Q20473964,http://www.wikidata.org/entity/Q132050
http://www.wikidata.org/entity/Q4164871,http://www.wikidata.org/entity/Q17279032,http://www.wikidata.org/entity/Q11997597
http://www.wikidata.org/entity/Q4164871,http://www.wikidata.org/entity/Q30103103,http://www.wikidata.org/entity/Q13424814
http://www.wikidata.org/entity/Q4164871,http://www.wikidata.org/entity/Q29182,http://www.wikidata.org/entity/Q42603
http://www.wikidata.org/entity/Q4164871,http://www.wikidata.org/entity/Q83307,http://www.wikidata.org/entity/Q599151
http://www.wikidata.org/entity/Q4164871,http://www.wikidata.org/entity/Q334473,http://www.wikidata.org/entity/Q1162163
http://www.wikidata.org/entity/Q4164871,http://www.wikidata.org/entity/Q121998,http://www.wikidata.org/entity/Q1251687
http://www.wikidata.org/entity/Q4164871,http://www.wikidata.org/entity/Q58412251,http://www.wikidata.org/entity/Q1006696
http://www.wikidata.org/entity/Q4164871,http://www.wikidata.org/entity/Q65557188,http://www.wikidata.org/entity/Q1255921
http://www.wikidata.org/entity/Q4164871,http://www.wikidata.org/entity/Q65798480,http://www.wikidata.org/entity/Q1255921
http://www.wikidata.org/entity/Q4164871,http://www.wikidata.org/entity/Q622601,http://www.wikidata.org/entity/Q30461
http://www.wikidata.org/entity/Q4164871,http://www.wikidata.org/entity/Q1127270,http://www.wikidata.org/entity/Q140686
http://www.wikidata.org/entity/Q4164871,http://www.wikidata.org/entity/Q499165,http://www.wikidata.org/entity/Q663395
http://www.wikidata.org/entity/Q4164871,http://www.wikidata.org/entity/Q1133920,http://www.wikidata.org/entity/Q1251687
http://www.wikidata.org/entity/Q4164871,http://www.wikidata.org/entity/Q622601,http://www.wikidata.org/entity/Q1337239
http://www.wikidata.org/entity/Q4164871,http://www.wikidata.org/entity/Q1501906,http://www.wikidata.org/entity/Q1416611
http://www.wikidata.org/entity/Q4164871,http://www.wikidata.org/entity/Q1837955,http://www.wikidata.org/entity/Q16163440
http://www.wikidata.org/entity/Q4164871,http://www.wikidata.org/entity/Q90132546,http://www.wikidata.org/entity/Q599151
http://www.wikidata.org/entity/Q4164871,http://www.wikidata.org/entity/Q95637571,http://www.wikidata.org/entity/Q696776
http://www.wikidata.org/entity/Q4164871,http://www.wikidata.org/entity/Q65962630,http://www.wikidata.org/entity/Q1255921
http://www.wikidata.org/entity/Q4164871,http://www.wikidata.org/entity/Q65963788,http://www.wikidata.org/entity/Q1255921
http://www.wikidata.org/entity/Q4164871,http://www.wikidata.org/entity/Q66332487,http://www.wikidata.org/entity/Q1255921
http://www.wikidata.org/entity/Q4164871,http://www.wikidata.org/entity/Q85954791,http://www.wikidata.org/entity/Q1255921
http://www.wikidata.org/entity/Q4164871,http://www.wikidata.org/entity/Q2912172,http://www.wikidata.org/entity/Q131524
http://www.wikidata.org/entity/Q4164871,http://www.wikidata.org/entity/Q3382119,http://www.wikidata.org/entity/Q371909
http://www.wikidata.org/entity/Q4164871,http://www.wikidata.org/entity/Q5123536,http://www.wikidata.org/entity/Q599151
http://www.wikidata.org/entity/Q4164871,http://www.wikidata.org/entity/Q3508196,http://www.wikidata.org/entity/Q1339249
http://www.wikidata.org/entity/Q4164871,http://www.wikidata.org/entity/Q4676866,http://www.wikidata.org/entity/Q4676846
http://www.wikidata.org/entity/Q4164871,http://www.wikidata.org/entity/Q2994387,http://www.wikidata.org/entity/Q15978655
http://www.wikidata.org/entity/Q4164871,http://www.wikidata.org/entity/Q3695530,http://www.wikidata.org/entity/Q16163440
http://www.wikidata.org/entity/Q4164871,http://www.wikidata.org/entity/Q5096852,http://www.wikidata.org/entity/Q16163440
http://www.wikidata.org/entity/Q4164871,http://www.wikidata.org/entity/Q1958649,http://www.wikidata.org/entity/Q27214348
http://www.wikidata.org/entity/Q4164871,http://www.wikidata.org/entity/Q7603902,http://www.wikidata.org/entity/Q388338
http://www.wikidata.org/entity/Q4164871,http://www.wikidata.org/entity/Q7832034,http://www.wikidata.org/entity/Q599151
http://www.wikidata.org/entity/Q4164871,http://www.wikidata.org/entity/Q15726407,http://www.wikidata.org/entity/Q1255921
http://www.wikidata.org/entity/Q4164871,http://www.wikidata.org/entity/Q10526703,http://www.wikidata.org/entity/Q13554447
http://www.wikidata.org/entity/Q4164871,http://www.wikidata.org/entity/Q8135012,http://www.wikidata.org/entity/Q16163440
http://www.wikidata.org/entity/Q4387609,http://www.wikidata.org/entity/Q11852606,http://www.wikidata.org/entity/Q4387609
http://www.wikidata.org/entity/Q4387609,http://www.wikidata.org/entity/Q98446764,http://www.wikidata.org/entity/Q4387609
http://www.wikidata.org/entity/Q4936952,http://www.wikidata.org/entity/Q197204,http://www.wikidata.org/entity/Q1074
http://www.wikidata.org/entity/Q4830453,http://www.wikidata.org/entity/Q3514732,http://www.wikidata.org/entity/Q15915446
http://www.wikidata.org/entity/Q4936774,http://www.wikidata.org/entity/Q1578799,http://www.wikidata.org/entity/Q608259
http://www.wikidata.org/entity/Q4936952,http://www.wikidata.org/entity/Q2192288,http://www.wikidata.org/entity/Q4620674
http://www.wikidata.org/entity/Q5182137,http://www.wikidata.org/entity/Q3502509,http://www.wikidata.org/entity/Q55785515
http://www.wikidata.org/entity/Q5058355,http://www.wikidata.org/entity/Q29548,http://www.wikidata.org/entity/Q14349455
http://www.wikidata.org/entity/Q5058355,http://www.wikidata.org/entity/Q111180,http://www.wikidata.org/entity/Q14864881
http://www.wikidata.org/entity/Q5058355,http://www.wikidata.org/entity/Q37748,http://www.wikidata.org/entity/Q22326185
http://www.wikidata.org/entity/Q5058355,http://www.wikidata.org/entity/Q45948,http://www.wikidata.org/entity/Q70551253
http://www.wikidata.org/entity/Q5058355,http://www.wikidata.org/entity/Q79899,http://www.wikidata.org/entity/Q70551253
http://www.wikidata.org/entity/Q5182137,http://www.wikidata.org/entity/Q7247049,http://www.wikidata.org/entity/Q55785515
http://www.wikidata.org/entity/Q5639586,http://www.wikidata.org/entity/Q7671316,http://www.wikidata.org/entity/Q1058689
http://www.wikidata.org/entity/Q5725005,http://www.wikidata.org/entity/Q15106259,http://www.wikidata.org/entity/Q128709
http://www.wikidata.org/entity/Q5725005,http://www.wikidata.org/entity/Q15152757,http://www.wikidata.org/entity/Q128709
http://www.wikidata.org/entity/Q6499736,http://www.wikidata.org/entity/Q1022155,http://www.wikidata.org/entity/Q11631534
http://www.wikidata.org/entity/Q6857706,http://www.wikidata.org/entity/Q28044813,http://www.wikidata.org/entity/Q3529376
http://www.wikidata.org/entity/Q6857706,http://www.wikidata.org/entity/Q28044813,http://www.wikidata.org/entity/Q4991371
http://www.wikidata.org/entity/Q6554356,http://www.wikidata.org/entity/Q5300179,http://www.wikidata.org/entity/Q7003418
http://www.wikidata.org/entity/Q7189713,http://www.wikidata.org/entity/Q12147,http://www.wikidata.org/entity/Q16681739
http://www.wikidata.org/entity/Q7189713,http://www.wikidata.org/entity/Q4752279,http://www.wikidata.org/entity/Q16681739
http://www.wikidata.org/entity/Q7824266,http://www.wikidata.org/entity/Q3846855,http://www.wikidata.org/entity/Q5334290
http://www.wikidata.org/entity/Q7550889,http://www.wikidata.org/entity/Q608789,http://www.wikidata.org/entity/Q4389321
http://www.wikidata.org/entity/Q8187769,http://www.wikidata.org/entity/Q651658,http://www.wikidata.org/entity/Q7590
http://www.wikidata.org/entity/Q8187769,http://www.wikidata.org/entity/Q2334804,http://www.wikidata.org/entity/Q7590
http://www.wikidata.org/entity/Q8187769,http://www.wikidata.org/entity/Q476118,http://www.wikidata.org/entity/Q43183
http://www.wikidata.org/entity/Q8187769,http://www.wikidata.org/entity/Q43183,http://www.wikidata.org/entity/Q837171
http://www.wikidata.org/entity/Q10267828,http://www.wikidata.org/entity/Q3502509,http://www.wikidata.org/entity/Q55785515
http://www.wikidata.org/entity/Q10267828,http://www.wikidata.org/entity/Q17146686,http://www.wikidata.org/entity/Q55785515
http://www.wikidata.org/entity/Q10843872,http://www.wikidata.org/entity/Q11144716,http://www.wikidata.org/entity/Q260606
http://www.wikidata.org/entity/Q10888573,http://www.wikidata.org/entity/Q86536292,http://www.wikidata.org/entity/Q86536312
http://www.wikidata.org/entity/Q11862829,http://www.wikidata.org/entity/Q2865882,http://www.wikidata.org/entity/Q11016
http://www.wikidata.org/entity/Q11862829,http://www.wikidata.org/entity/Q7246002,http://www.wikidata.org/entity/Q21198
http://www.wikidata.org/entity/Q11488158,http://www.wikidata.org/entity/Q63521984,http://www.wikidata.org/entity/Q1056391
http://www.wikidata.org/entity/Q11488158,http://www.wikidata.org/entity/Q63521984,http://www.wikidata.org/entity/Q1255921
http://www.wikidata.org/entity/Q12047392,http://www.wikidata.org/entity/Q3627283,http://www.wikidata.org/entity/Q48204
http://www.wikidata.org/entity/Q12047392,http://www.wikidata.org/entity/Q10480691,http://www.wikidata.org/entity/Q48204
http://www.wikidata.org/entity/Q12047392,http://www.wikidata.org/entity/Q11513034,http://www.wikidata.org/entity/Q48204
http://www.wikidata.org/entity/Q12047392,http://www.wikidata.org/entity/Q11513034,http://www.wikidata.org/entity/Q163740
http://www.wikidata.org/entity/Q12047392,http://www.wikidata.org/entity/Q3627283,http://www.wikidata.org/entity/Q56325502
http://www.wikidata.org/entity/Q11514315,http://www.wikidata.org/entity/Q81458496,http://www.wikidata.org/entity/Q956129
http://www.wikidata.org/entity/Q11514315,http://www.wikidata.org/entity/Q81460492,http://www.wikidata.org/entity/Q956129
http://www.wikidata.org/entity/Q11862829,http://www.wikidata.org/entity/Q8078,http://www.wikidata.org/entity/Q5891
http://www.wikidata.org/entity/Q11862829,http://www.wikidata.org/entity/Q30642,http://www.wikidata.org/entity/Q11660
http://www.wikidata.org/entity/Q11862829,http://www.wikidata.org/entity/Q30642,http://www.wikidata.org/entity/Q21198
http://www.wikidata.org/entity/Q11862829,http://www.wikidata.org/entity/Q83353,http://www.wikidata.org/entity/Q1069
http://www.wikidata.org/entity/Q11862829,http://www.wikidata.org/entity/Q134783,http://www.wikidata.org/entity/Q1069
http://www.wikidata.org/entity/Q11862829,http://www.wikidata.org/entity/Q163082,http://www.wikidata.org/entity/Q1069
http://www.wikidata.org/entity/Q11862829,http://www.wikidata.org/entity/Q179509,http://www.wikidata.org/entity/Q1069
http://www.wikidata.org/entity/Q11862829,http://www.wikidata.org/entity/Q334823,http://www.wikidata.org/entity/Q1069
http://www.wikidata.org/entity/Q11862829,http://www.wikidata.org/entity/Q754590,http://www.wikidata.org/entity/Q1069
http://www.wikidata.org/entity/Q11862829,http://www.wikidata.org/entity/Q1048416,http://www.wikidata.org/entity/Q1069
http://www.wikidata.org/entity/Q11862829,http://www.wikidata.org/entity/Q208202,http://www.wikidata.org/entity/Q7748
http://www.wikidata.org/entity/Q11862829,http://www.wikidata.org/entity/Q52109,http://www.wikidata.org/entity/Q52107
http://www.wikidata.org/entity/Q11862829,http://www.wikidata.org/entity/Q629029,http://www.wikidata.org/entity/Q162297
http://www.wikidata.org/entity/Q11862829,http://www.wikidata.org/entity/Q1368144,http://www.wikidata.org/entity/Q856574
http://www.wikidata.org/entity/Q11862829,http://www.wikidata.org/entity/Q855627,http://www.wikidata.org/entity/Q928786
http://www.wikidata.org/entity/Q11862829,http://www.wikidata.org/entity/Q631286,http://www.wikidata.org/entity/Q1066186
http://www.wikidata.org/entity/Q11862829,http://www.wikidata.org/entity/Q1279400,http://www.wikidata.org/entity/Q1066186
http://www.wikidata.org/entity/Q11862829,http://www.wikidata.org/entity/Q376657,http://www.wikidata.org/entity/Q2920921
http://www.wikidata.org/entity/Q11862829,http://www.wikidata.org/entity/Q861455,http://www.wikidata.org/entity/Q2920921
http://www.wikidata.org/entity/Q11862829,http://www.wikidata.org/entity/Q1137608,http://www.wikidata.org/entity/Q2920921
http://www.wikidata.org/entity/Q11862829,http://www.wikidata.org/entity/Q2315537,http://www.wikidata.org/entity/Q420
http://www.wikidata.org/entity/Q11862829,http://www.wikidata.org/entity/Q2315537,http://www.wikidata.org/entity/Q1069
http://www.wikidata.org/entity/Q13226383,http://www.wikidata.org/entity/Q390516,http://www.wikidata.org/entity/Q180516
http://www.wikidata.org/entity/Q13226383,http://www.wikidata.org/entity/Q1772543,http://www.wikidata.org/entity/Q180516
http://www.wikidata.org/entity/Q13226383,http://www.wikidata.org/entity/Q1902617,http://www.wikidata.org/entity/Q180516
http://www.wikidata.org/entity/Q13226383,http://www.wikidata.org/entity/Q7451052,http://www.wikidata.org/entity/Q180516
http://www.wikidata.org/entity/Q13397636,http://www.wikidata.org/entity/Q15725498,http://www.wikidata.org/entity/Q204776
http://www.wikidata.org/entity/Q13226383,http://www.wikidata.org/entity/Q66736694,http://www.wikidata.org/entity/Q180516
http://www.wikidata.org/entity/Q13226383,http://www.wikidata.org/entity/Q97457858,http://www.wikidata.org/entity/Q656720
http://www.wikidata.org/entity/Q13554447,http://www.wikidata.org/entity/Q3188089,http://www.wikidata.org/entity/Q16474031
http://www.wikidata.org/entity/Q14565197,http://www.wikidata.org/entity/Q22672535,http://www.wikidata.org/entity/Q13196750
http://www.wikidata.org/entity/Q14565197,http://www.wikidata.org/entity/Q22672531,http://www.wikidata.org/entity/Q14565199
http://www.wikidata.org/entity/Q14752696,http://www.wikidata.org/entity/Q918230,http://www.wikidata.org/entity/Q2202509
http://www.wikidata.org/entity/Q14904124,http://www.wikidata.org/entity/Q14592615,http://www.wikidata.org/entity/Q474200
http://www.wikidata.org/entity/Q15092400,http://www.wikidata.org/entity/Q257978,http://www.wikidata.org/entity/Q76401672
http://www.wikidata.org/entity/Q15221215,http://www.wikidata.org/entity/Q16835342,http://www.wikidata.org/entity/Q3589698
http://www.wikidata.org/entity/Q15617994,http://www.wikidata.org/entity/Q788176,http://www.wikidata.org/entity/Q56061
http://www.wikidata.org/entity/Q15617994,http://www.wikidata.org/entity/Q1022469,http://www.wikidata.org/entity/Q56061
http://www.wikidata.org/entity/Q15617994,http://www.wikidata.org/entity/Q6138000,http://www.wikidata.org/entity/Q56061
http://www.wikidata.org/entity/Q15978876,http://www.wikidata.org/entity/Q12774503,http://www.wikidata.org/entity/Q43115
http://www.wikidata.org/entity/Q15617994,http://www.wikidata.org/entity/Q19905455,http://www.wikidata.org/entity/Q5195043
http://www.wikidata.org/entity/Q16173659,http://www.wikidata.org/entity/Q771861,http://www.wikidata.org/entity/Q276314
http://www.wikidata.org/entity/Q16334295,http://www.wikidata.org/entity/Q1714036,http://www.wikidata.org/entity/Q938236
http://www.wikidata.org/entity/Q15916459,http://www.wikidata.org/entity/Q15916502,http://www.wikidata.org/entity/Q705178
http://www.wikidata.org/entity/Q16334295,http://www.wikidata.org/entity/Q16802107,http://www.wikidata.org/entity/Q848197
http://www.wikidata.org/entity/Q15961983,http://www.wikidata.org/entity/Q2933978,http://www.wikidata.org/entity/Q2635894
http://www.wikidata.org/entity/Q16335296,http://www.wikidata.org/entity/Q11915911,http://www.wikidata.org/entity/Q2588761
http://www.wikidata.org/entity/Q16103215,http://www.wikidata.org/entity/Q57303455,http://www.wikidata.org/entity/Q1075310
http://www.wikidata.org/entity/Q16869121,http://www.wikidata.org/entity/Q29014674,http://www.wikidata.org/entity/Q63378287
http://www.wikidata.org/entity/Q16896124,http://www.wikidata.org/entity/Q5795907,http://www.wikidata.org/entity/Q5795909
http://www.wikidata.org/entity/Q17524420,http://www.wikidata.org/entity/Q210726,http://www.wikidata.org/entity/Q7787
http://www.wikidata.org/entity/Q17524420,http://www.wikidata.org/entity/Q1516468,http://www.wikidata.org/entity/Q7787
http://www.wikidata.org/entity/Q17524420,http://www.wikidata.org/entity/Q17544377,http://www.wikidata.org/entity/Q200325
http://www.wikidata.org/entity/Q17155032,http://www.wikidata.org/entity/Q1074158,http://www.wikidata.org/entity/Q166142
http://www.wikidata.org/entity/Q17155032,http://www.wikidata.org/entity/Q570871,http://www.wikidata.org/entity/Q528166
http://www.wikidata.org/entity/Q17155032,http://www.wikidata.org/entity/Q570871,http://www.wikidata.org/entity/Q3635085
http://www.wikidata.org/entity/Q17155032,http://www.wikidata.org/entity/Q15079042,http://www.wikidata.org/entity/Q1074158
http://www.wikidata.org/entity/Q17155032,http://www.wikidata.org/entity/Q15079042,http://www.wikidata.org/entity/Q1194674
http://www.wikidata.org/entity/Q18123741,http://www.wikidata.org/entity/Q1049711,http://www.wikidata.org/entity/Q182672
http://www.wikidata.org/entity/Q18123741,http://www.wikidata.org/entity/Q4747465,http://www.wikidata.org/entity/Q949694
http://www.wikidata.org/entity/Q18123741,http://www.wikidata.org/entity/Q727028,http://www.wikidata.org/entity/Q55788465
http://www.wikidata.org/entity/Q18123741,http://www.wikidata.org/entity/Q55009415,http://www.wikidata.org/entity/Q578994
http://www.wikidata.org/entity/Q18123741,http://www.wikidata.org/entity/Q55785635,http://www.wikidata.org/entity/Q4316437
http://www.wikidata.org/entity/Q18554701,http://www.wikidata.org/entity/Q18558223,http://www.wikidata.org/entity/Q18558226
http://www.wikidata.org/entity/Q17645478,http://www.wikidata.org/entity/Q12042110,http://www.wikidata.org/entity/Q3397572
http://www.wikidata.org/entity/Q17781690,http://www.wikidata.org/entity/Q33767,http://www.wikidata.org/entity/Q26962795
http://www.wikidata.org/entity/Q18556754,http://www.wikidata.org/entity/Q18554070,http://www.wikidata.org/entity/Q18556106
http://www.wikidata.org/entity/Q18556754,http://www.wikidata.org/entity/Q19001275,http://www.wikidata.org/entity/Q55780006
http://www.wikidata.org/entity/Q18556249,http://www.wikidata.org/entity/Q18558195,http://www.wikidata.org/entity/Q167844
http://www.wikidata.org/entity/Q19832712,http://www.wikidata.org/entity/Q58683981,http://www.wikidata.org/entity/Q1550557
http://www.wikidata.org/entity/Q19958368,http://www.wikidata.org/entity/Q64797228,http://www.wikidata.org/entity/Q149416
http://www.wikidata.org/entity/Q19958368,http://www.wikidata.org/entity/Q61270168,http://www.wikidata.org/entity/Q2440952
http://www.wikidata.org/entity/Q19958368,http://www.wikidata.org/entity/Q101584094,http://www.wikidata.org/entity/Q149359
http://www.wikidata.org/entity/Q20056177,http://www.wikidata.org/entity/Q129270,http://www.wikidata.org/entity/Q12038335
http://www.wikidata.org/entity/Q20056177,http://www.wikidata.org/entity/Q1750790,http://www.wikidata.org/entity/Q12038335
http://www.wikidata.org/entity/Q20076756,http://www.wikidata.org/entity/Q20644555,http://www.wikidata.org/entity/Q132311
http://www.wikidata.org/entity/Q20202269,http://www.wikidata.org/entity/Q5736952,http://www.wikidata.org/entity/Q1358845
http://www.wikidata.org/entity/Q21114371,http://www.wikidata.org/entity/Q23774370,http://www.wikidata.org/entity/Q49476
http://www.wikidata.org/entity/Q21167512,http://www.wikidata.org/entity/Q3153686,http://www.wikidata.org/entity/Q7559033
http://www.wikidata.org/entity/Q22669665,http://www.wikidata.org/entity/Q906556,http://www.wikidata.org/entity/Q8012311
http://www.wikidata.org/entity/Q23015928,http://www.wikidata.org/entity/Q29573983,http://www.wikidata.org/entity/Q849697
http://www.wikidata.org/entity/Q23009439,http://www.wikidata.org/entity/Q15640155,http://www.wikidata.org/entity/Q70471113
http://www.wikidata.org/entity/Q24034552,http://www.wikidata.org/entity/Q188211,http://www.wikidata.org/entity/Q11348
http://www.wikidata.org/entity/Q24017852,http://www.wikidata.org/entity/Q763709,http://www.wikidata.org/entity/Q738680
http://www.wikidata.org/entity/Q24034552,http://www.wikidata.org/entity/Q12202238,http://www.wikidata.org/entity/Q11348
http://www.wikidata.org/entity/Q25403900,http://www.wikidata.org/entity/Q8495,http://www.wikidata.org/entity/Q185217
http://www.wikidata.org/entity/Q25403900,http://www.wikidata.org/entity/Q10943,http://www.wikidata.org/entity/Q185217
http://www.wikidata.org/entity/Q25403900,http://www.wikidata.org/entity/Q8492,http://www.wikidata.org/entity/Q11550473
http://www.wikidata.org/entity/Q25403900,http://www.wikidata.org/entity/Q504133,http://www.wikidata.org/entity/Q165199
http://www.wikidata.org/entity/Q27943370,http://www.wikidata.org/entity/Q18199649,http://www.wikidata.org/entity/Q1639239
http://www.wikidata.org/entity/Q27949697,http://www.wikidata.org/entity/Q29569274,http://www.wikidata.org/entity/Q15893266
http://www.wikidata.org/entity/Q29477614,http://www.wikidata.org/entity/Q7667810,http://www.wikidata.org/entity/Q3423089
http://www.wikidata.org/entity/Q28914343,http://www.wikidata.org/entity/Q28867158,http://www.wikidata.org/entity/Q28866641
http://www.wikidata.org/entity/Q28914343,http://www.wikidata.org/entity/Q33011361,http://www.wikidata.org/entity/Q28866641
http://www.wikidata.org/entity/Q28923954,http://www.wikidata.org/entity/Q839463,http://www.wikidata.org/entity/Q941501
http://www.wikidata.org/entity/Q28935403,http://www.wikidata.org/entity/Q607688,http://www.wikidata.org/entity/Q9380574
http://www.wikidata.org/entity/Q37756327,http://www.wikidata.org/entity/Q59072,http://www.wikidata.org/entity/Q10751552
http://www.wikidata.org/entity/Q37756327,http://www.wikidata.org/entity/Q841774,http://www.wikidata.org/entity/Q10751552
http://www.wikidata.org/entity/Q37756327,http://www.wikidata.org/entity/Q1061720,http://www.wikidata.org/entity/Q10751552
http://www.wikidata.org/entity/Q37756327,http://www.wikidata.org/entity/Q57243997,http://www.wikidata.org/entity/Q10751552
http://www.wikidata.org/entity/Q31931265,http://www.wikidata.org/entity/Q38593919,http://www.wikidata.org/entity/Q131647
http://www.wikidata.org/entity/Q33027691,http://www.wikidata.org/entity/Q88554984,http://www.wikidata.org/entity/Q15832079
http://www.wikidata.org/entity/Q33027691,http://www.wikidata.org/entity/Q88555224,http://www.wikidata.org/entity/Q15832079
http://www.wikidata.org/entity/Q33027691,http://www.wikidata.org/entity/Q88568994,http://www.wikidata.org/entity/Q27104461
http://www.wikidata.org/entity/Q47154513,http://www.wikidata.org/entity/Q46220684,http://www.wikidata.org/entity/Q73227944
http://www.wikidata.org/entity/Q47460393,http://www.wikidata.org/entity/Q190898,http://www.wikidata.org/entity/Q1130510
http://www.wikidata.org/entity/Q48907157,http://www.wikidata.org/entity/Q16557344,http://www.wikidata.org/entity/Q3257686
http://www.wikidata.org/entity/Q54947664,http://www.wikidata.org/entity/Q54946469,http://www.wikidata.org/entity/Q130444
http://www.wikidata.org/entity/Q57660343,http://www.wikidata.org/entity/Q72194547,http://www.wikidata.org/entity/Q4135315
http://www.wikidata.org/entity/Q63345803,http://www.wikidata.org/entity/Q12021157,http://www.wikidata.org/entity/Q3144191
http://www.wikidata.org/entity/Q64136309,http://www.wikidata.org/entity/Q3136650,http://www.wikidata.org/entity/Q772845
http://www.wikidata.org/entity/Q65037409,http://www.wikidata.org/entity/Q48739515,http://www.wikidata.org/entity/Q65037415
http://www.wikidata.org/entity/Q67101749,http://www.wikidata.org/entity/Q26921423,http://www.wikidata.org/entity/Q416781
http://www.wikidata.org/entity/Q67015883,http://www.wikidata.org/entity/Q67101749,http://www.wikidata.org/entity/Q142943
http://www.wikidata.org/entity/Q73404269,http://www.wikidata.org/entity/Q310430,http://www.wikidata.org/entity/Q7243021
http://www.wikidata.org/entity/Q96211395,http://www.wikidata.org/entity/Q10655242,http://www.wikidata.org/entity/Q2139516
http://www.wikidata.org/entity/Q96375012,http://www.wikidata.org/entity/Q96377597,http://www.wikidata.org/entity/Q96375790
http://www.wikidata.org/entity/Q96375012,http://www.wikidata.org/entity/Q96377599,http://www.wikidata.org/entity/Q96375790
http://www.wikidata.org/entity/Q96375012,http://www.wikidata.org/entity/Q96377600,http://www.wikidata.org/entity/Q96375790
http://www.wikidata.org/entity/Q100195948,http://www.wikidata.org/entity/Q308859,http://www.wikidata.org/entity/Q1503443
